tbin,latitude,longitude,chlor_a
4/27/2016,33.1875,-77.5125,0.163580391
4/28/2016,33.1875,-77.5125,0.46299512
4/29/2016,33.1875,-77.5125,0.19964526
4/30/2016,33.1875,-77.5125,NaN
5/1/2016,33.1875,-77.5125,0.196002178
5/2/2016,33.1875,-77.5125,0.152565683
5/3/2016,33.1875,-77.5125,0.195868837
5/4/2016,33.1875,-77.5125,0.321198366
5/5/2016,33.1875,-77.5125,NaN
5/6/2016,33.1875,-77.5125,NaN
5/7/2016,33.1875,-77.5125,0.234588574
5/8/2016,33.1875,-77.5125,0.250451214
5/9/2016,33.1875,-77.5125,0.2578687
5/10/2016,33.1875,-77.5125,NaN
5/11/2016,33.1875,-77.5125,0.301203268
5/12/2016,33.1875,-77.5125,0.302571938
5/13/2016,33.1875,-77.5125,0.423996753
5/14/2016,33.1875,-77.5125,0.261789096
5/15/2016,33.1875,-77.5125,NaN
5/16/2016,33.1875,-77.5125,NaN
5/17/2016,33.1875,-77.5125,NaN
5/18/2016,33.1875,-77.5125,NaN
5/19/2016,33.1875,-77.5125,0.24684983
5/20/2016,33.1875,-77.5125,NaN
5/21/2016,33.1875,-77.5125,NaN
5/22/2016,33.1875,-77.5125,NaN
5/23/2016,33.1875,-77.5125,0.153324795
5/24/2016,33.1875,-77.5125,0.237988439
5/25/2016,33.1875,-77.5125,0.221340529
5/26/2016,33.1875,-77.5125,NaN
5/27/2016,33.1875,-77.5125,0.222205639
5/28/2016,33.1875,-77.5125,NaN
5/29/2016,33.1875,-77.5125,0.197193452
5/30/2016,33.1875,-77.5125,0.143073297
5/31/2016,33.1875,-77.5125,NaN
6/1/2016,33.1875,-77.5125,NaN
6/2/2016,33.1875,-77.5125,0.151464341
6/3/2016,33.1875,-77.5125,0.140435757
6/4/2016,33.1875,-77.5125,0.162353469
6/5/2016,33.1875,-77.5125,0.226082973
6/6/2016,33.1875,-77.5125,NaN
6/7/2016,33.1875,-77.5125,0.298271443
6/8/2016,33.1875,-77.5125,0.205732697
6/9/2016,33.1875,-77.5125,0.199711572
6/10/2016,33.1875,-77.5125,0.198412858
6/11/2016,33.1875,-77.5125,NaN
6/12/2016,33.1875,-77.5125,0.234525573
6/13/2016,33.1875,-77.5125,0.207920576
6/14/2016,33.1875,-77.5125,0.188741551
6/15/2016,33.1875,-77.5125,0.15363653
6/16/2016,33.1875,-77.5125,NaN
6/17/2016,33.1875,-77.5125,NaN
6/18/2016,33.1875,-77.5125,0.165951634
6/19/2016,33.1875,-77.5125,0.184269908
6/20/2016,33.1875,-77.5125,0.202108955
6/21/2016,33.1875,-77.5125,0.143167983
6/22/2016,33.1875,-77.5125,NaN
6/23/2016,33.1875,-77.5125,0.146239832
6/24/2016,33.1875,-77.5125,NaN
6/25/2016,33.1875,-77.5125,NaN
6/26/2016,33.1875,-77.5125,NaN
6/27/2016,33.1875,-77.5125,NaN
6/28/2016,33.1875,-77.5125,0.158947974
6/29/2016,33.1875,-77.5125,NaN
6/30/2016,33.1875,-77.5125,0.195903685
7/1/2016,33.1875,-77.5125,NaN
7/2/2016,33.1875,-77.5125,NaN
7/3/2016,33.1875,-77.5125,NaN
7/4/2016,33.1875,-77.5125,0.191334627
7/5/2016,33.1875,-77.5125,0.2016181
7/6/2016,33.1875,-77.5125,0.222831783
7/7/2016,33.1875,-77.5125,0.261279529
7/8/2016,33.1875,-77.5125,NaN
7/9/2016,33.1875,-77.5125,0.402299304
7/10/2016,33.1875,-77.5125,0.2545498
7/11/2016,33.1875,-77.5125,NaN
7/12/2016,33.1875,-77.5125,0.471090409
7/13/2016,33.1875,-77.5125,NaN
7/14/2016,33.1875,-77.5125,0.398516926
7/15/2016,33.1875,-77.5125,0.313972321
7/16/2016,33.1875,-77.5125,0.236245285
7/17/2016,33.1875,-77.5125,NaN
7/18/2016,33.1875,-77.5125,0.245566853
7/19/2016,33.1875,-77.5125,0.261411946
7/20/2016,33.1875,-77.5125,0.3548269
7/21/2016,33.1875,-77.5125,0.297822685
7/22/2016,33.1875,-77.5125,0.240001269
7/23/2016,33.1875,-77.5125,0.309022875
7/24/2016,33.1875,-77.5125,NaN
7/25/2016,33.1875,-77.5125,0.357265763
7/26/2016,33.1875,-77.5125,0.257691954
7/27/2016,33.1875,-77.5125,0.453424966
7/28/2016,33.1875,-77.5125,0.497191379
7/29/2016,33.1875,-77.5125,NaN
7/30/2016,33.1875,-77.5125,0.560365922
7/31/2016,33.1875,-77.5125,0.470745148
8/1/2016,33.1875,-77.5125,0.502101689
8/2/2016,33.1875,-77.5125,0.387302713
8/3/2016,33.1875,-77.5125,NaN
8/4/2016,33.1875,-77.5125,0.5160566
8/5/2016,33.1875,-77.5125,NaN
8/6/2016,33.1875,-77.5125,0.533539467
8/7/2016,33.1875,-77.5125,0.406865114
8/8/2016,33.1875,-77.5125,0.402112397
8/9/2016,33.1875,-77.5125,NaN
8/10/2016,33.1875,-77.5125,0.379602682
8/11/2016,33.1875,-77.5125,0.292075859
8/12/2016,33.1875,-77.5125,0.297072279
8/13/2016,33.1875,-77.5125,NaN
8/14/2016,33.1875,-77.5125,NaN
8/15/2016,33.1875,-77.5125,0.303702449
8/16/2016,33.1875,-77.5125,0.22707334
8/17/2016,33.1875,-77.5125,0.293325534
8/18/2016,33.1875,-77.5125,0.314674845
8/19/2016,33.1875,-77.5125,0.320371209
8/20/2016,33.1875,-77.5125,0.460611271
8/21/2016,33.1875,-77.5125,0.271485754
8/22/2016,33.1875,-77.5125,0.273048483
8/23/2016,33.1875,-77.5125,0.184767194
8/24/2016,33.1875,-77.5125,0.197080981
8/25/2016,33.1875,-77.5125,NaN
8/26/2016,33.1875,-77.5125,0.140901814
8/27/2016,33.1875,-77.5125,0.133625223
8/28/2016,33.1875,-77.5125,0.087748306
8/29/2016,33.1875,-77.5125,0.15640383
8/30/2016,33.1875,-77.5125,NaN
8/31/2016,33.1875,-77.5125,NaN
9/1/2016,33.1875,-77.5125,NaN
9/2/2016,33.1875,-77.5125,NaN
9/3/2016,33.1875,-77.5125,0.210455954
9/4/2016,33.1875,-77.5125,0.542826197
9/5/2016,33.1875,-77.5125,0.25527877
9/6/2016,33.1875,-77.5125,0.526239498
9/7/2016,33.1875,-77.5125,0.351215173
9/8/2016,33.1875,-77.5125,0.434991228
9/9/2016,33.1875,-77.5125,0.329680052
9/10/2016,33.1875,-77.5125,0.288289247
9/11/2016,33.1875,-77.5125,0.277234805
9/12/2016,33.1875,-77.5125,NaN
9/13/2016,33.1875,-77.5125,NaN
9/14/2016,33.1875,-77.5125,NaN
9/15/2016,33.1875,-77.5125,0.3014832
9/16/2016,33.1875,-77.5125,0.342128943
9/17/2016,33.1875,-77.5125,0.313383384
9/18/2016,33.1875,-77.5125,0.277231193
9/19/2016,33.1875,-77.5125,0.272557519
9/20/2016,33.1875,-77.5125,NaN
9/21/2016,33.1875,-77.5125,0.26104712
9/22/2016,33.1875,-77.5125,0.252357925
9/23/2016,33.1875,-77.5125,0.249024413
9/24/2016,33.1875,-77.5125,0.236722584
9/25/2016,33.1875,-77.5125,0.224846802
9/26/2016,33.1875,-77.5125,0.235354958
9/27/2016,33.1875,-77.5125,0.148995882
9/28/2016,33.1875,-77.5125,0.20102822
9/29/2016,33.1875,-77.5125,0.230032593
9/30/2016,33.1875,-77.5125,NaN
10/1/2016,33.1875,-77.5125,NaN
10/2/2016,33.1875,-77.5125,NaN
10/3/2016,33.1875,-77.5125,0.272581482
10/4/2016,33.1875,-77.5125,NaN
10/5/2016,33.1875,-77.5125,NaN
10/6/2016,33.1875,-77.5125,NaN
10/7/2016,33.1875,-77.5125,NaN
10/8/2016,33.1875,-77.5125,NaN
10/9/2016,33.1875,-77.5125,0.620083109
10/10/2016,33.1875,-77.5125,NaN
10/11/2016,33.1875,-77.5125,NaN
10/12/2016,33.1875,-77.5125,0.17218451
10/13/2016,33.1875,-77.5125,0.473507349
10/14/2016,33.1875,-77.5125,NaN
10/15/2016,33.1875,-77.5125,0.331173644
10/16/2016,33.1875,-77.5125,0.206495563
10/17/2016,33.1875,-77.5125,0.291449569
10/18/2016,33.1875,-77.5125,0.281756286
10/19/2016,33.1875,-77.5125,0.27585694
10/20/2016,33.1875,-77.5125,0.26171107
10/21/2016,33.1875,-77.5125,0.290622371
10/22/2016,33.1875,-77.5125,0.341077689
10/23/2016,33.1875,-77.5125,0.393901237
10/24/2016,33.1875,-77.5125,0.347619622
10/25/2016,33.1875,-77.5125,0.311644688
10/26/2016,33.1875,-77.5125,0.369971393
10/27/2016,33.1875,-77.5125,NaN
10/28/2016,33.1875,-77.5125,0.334330325
10/29/2016,33.1875,-77.5125,0.298392922
10/30/2016,33.1875,-77.5125,0.265139473
10/31/2016,33.1875,-77.5125,0.188045881
11/1/2016,33.1875,-77.5125,0.266864921
11/2/2016,33.1875,-77.5125,0.247127182
11/3/2016,33.1875,-77.5125,0.219412674
11/4/2016,33.1875,-77.5125,NaN
11/5/2016,33.1875,-77.5125,0.949721895
11/6/2016,33.1875,-77.5125,0.325677323
11/7/2016,33.1875,-77.5125,0.231059013
11/8/2016,33.1875,-77.5125,0.297423956
11/9/2016,33.1875,-77.5125,NaN
11/10/2016,33.1875,-77.5125,0.249062198
11/11/2016,33.1875,-77.5125,0.328993123
11/12/2016,33.1875,-77.5125,NaN
11/13/2016,33.1875,-77.5125,NaN
11/14/2016,33.1875,-77.5125,NaN
11/15/2016,33.1875,-77.5125,NaN
11/16/2016,33.1875,-77.5125,0.265527192
11/17/2016,33.1875,-77.5125,0.29282443
11/18/2016,33.1875,-77.5125,0.269259296
11/19/2016,33.1875,-77.5125,0.27007514
11/20/2016,33.1875,-77.5125,0.286995547
11/21/2016,33.1875,-77.5125,0.300593857
11/22/2016,33.1875,-77.5125,0.290413255
11/23/2016,33.1875,-77.5125,0.280913046
11/24/2016,33.1875,-77.5125,0.184771955
11/25/2016,33.1875,-77.5125,0.235345781
11/26/2016,33.1875,-77.5125,NaN
11/27/2016,33.1875,-77.5125,0.242463759
11/28/2016,33.1875,-77.5125,0.181663108
11/29/2016,33.1875,-77.5125,NaN
11/30/2016,33.1875,-77.5125,NaN
12/1/2016,33.1875,-77.5125,NaN
12/2/2016,33.1875,-77.5125,0.380080312
12/3/2016,33.1875,-77.5125,NaN
12/4/2016,33.1875,-77.5125,NaN
12/5/2016,33.1875,-77.5125,NaN
12/6/2016,33.1875,-77.5125,NaN
12/7/2016,33.1875,-77.5125,0.438993634
12/8/2016,33.1875,-77.5125,NaN
12/9/2016,33.1875,-77.5125,0.324243586
12/10/2016,33.1875,-77.5125,0.295184236
12/11/2016,33.1875,-77.5125,0.231023127
12/12/2016,33.1875,-77.5125,0.228711513
12/13/2016,33.1875,-77.5125,NaN
12/14/2016,33.1875,-77.5125,NaN
12/15/2016,33.1875,-77.5125,0.220043946
12/16/2016,33.1875,-77.5125,NaN
12/17/2016,33.1875,-77.5125,NaN
12/18/2016,33.1875,-77.5125,0.230848683
12/19/2016,33.1875,-77.5125,NaN
12/20/2016,33.1875,-77.5125,NaN
12/21/2016,33.1875,-77.5125,0.295570131
12/22/2016,33.1875,-77.5125,0.321446613
12/23/2016,33.1875,-77.5125,0.282127216
12/24/2016,33.1875,-77.5125,0.202923159
12/25/2016,33.1875,-77.5125,0.278356345
12/26/2016,33.1875,-77.5125,NaN
12/27/2016,33.1875,-77.5125,0.17119096
12/28/2016,33.1875,-77.5125,NaN
12/29/2016,33.1875,-77.5125,NaN
12/30/2016,33.1875,-77.5125,0.381091161
12/31/2016,33.1875,-77.5125,0.241682639
1/1/2017,33.1875,-77.5125,NaN
1/2/2017,33.1875,-77.5125,NaN
1/3/2017,33.1875,-77.5125,0.28170177
1/4/2017,33.1875,-77.5125,NaN
1/5/2017,33.1875,-77.5125,0.417976296
1/6/2017,33.1875,-77.5125,NaN
1/7/2017,33.1875,-77.5125,NaN
1/8/2017,33.1875,-77.5125,0.64451632
1/9/2017,33.1875,-77.5125,NaN
1/10/2017,33.1875,-77.5125,0.186608722
1/11/2017,33.1875,-77.5125,0.194946353
1/12/2017,33.1875,-77.5125,0.21525611
1/13/2017,33.1875,-77.5125,0.430046927
1/14/2017,33.1875,-77.5125,0.4221204
1/15/2017,33.1875,-77.5125,NaN
1/16/2017,33.1875,-77.5125,0.270623623
1/17/2017,33.1875,-77.5125,NaN
1/18/2017,33.1875,-77.5125,0.258382776
1/19/2017,33.1875,-77.5125,0.676732847
1/20/2017,33.1875,-77.5125,0.342654264
1/21/2017,33.1875,-77.5125,0.209509315
1/22/2017,33.1875,-77.5125,NaN
1/23/2017,33.1875,-77.5125,NaN
1/24/2017,33.1875,-77.5125,0.371644286
1/25/2017,33.1875,-77.5125,0.569355556
1/26/2017,33.1875,-77.5125,NaN
1/27/2017,33.1875,-77.5125,NaN
1/28/2017,33.1875,-77.5125,0.587003884
1/29/2017,33.1875,-77.5125,0.9897662
1/30/2017,33.1875,-77.5125,0.565656657
1/31/2017,33.1875,-77.5125,0.592129451
2/1/2017,33.1875,-77.5125,0.49627127
2/2/2017,33.1875,-77.5125,0.528807008
2/3/2017,33.1875,-77.5125,NaN
2/4/2017,33.1875,-77.5125,NaN
2/5/2017,33.1875,-77.5125,0.373073256
2/6/2017,33.1875,-77.5125,0.470915373
2/7/2017,33.1875,-77.5125,0.429413203
2/8/2017,33.1875,-77.5125,NaN
2/9/2017,33.1875,-77.5125,0.549999831
2/10/2017,33.1875,-77.5125,0.478799495
2/11/2017,33.1875,-77.5125,0.538772801
2/12/2017,33.1875,-77.5125,0.50072116
2/13/2017,33.1875,-77.5125,0.508426568
2/14/2017,33.1875,-77.5125,0.574489503
2/15/2017,33.1875,-77.5125,NaN
2/16/2017,33.1875,-77.5125,0.405238826
2/17/2017,33.1875,-77.5125,0.405936564
2/18/2017,33.1875,-77.5125,0.418065098
2/19/2017,33.1875,-77.5125,0.256150223
2/20/2017,33.1875,-77.5125,0.37214886
2/21/2017,33.1875,-77.5125,NaN
2/22/2017,33.1875,-77.5125,0.311610399
2/23/2017,33.1875,-77.5125,NaN
2/24/2017,33.1875,-77.5125,0.230879113
2/25/2017,33.1875,-77.5125,0.299504676
2/26/2017,33.1875,-77.5125,0.350367943
2/27/2017,33.1875,-77.5125,0.299391624
2/28/2017,33.1875,-77.5125,0.248655717
3/1/2017,33.1875,-77.5125,NaN
3/2/2017,33.1875,-77.5125,NaN
3/3/2017,33.1875,-77.5125,0.44455933
3/4/2017,33.1875,-77.5125,0.49750412
3/5/2017,33.1875,-77.5125,0.409313657
3/6/2017,33.1875,-77.5125,0.297657137
3/7/2017,33.1875,-77.5125,0.159943618
3/8/2017,33.1875,-77.5125,NaN
3/9/2017,33.1875,-77.5125,0.364354888
3/10/2017,33.1875,-77.5125,0.311124402
3/11/2017,33.1875,-77.5125,0.35779826
3/12/2017,33.1875,-77.5125,NaN
3/13/2017,33.1875,-77.5125,NaN
3/14/2017,33.1875,-77.5125,NaN
3/15/2017,33.1875,-77.5125,0.481666105
3/16/2017,33.1875,-77.5125,0.520949317
3/17/2017,33.1875,-77.5125,0.562541892
3/18/2017,33.1875,-77.5125,0.445437826
3/19/2017,33.1875,-77.5125,0.514333702
3/20/2017,33.1875,-77.5125,0.31415736
3/21/2017,33.1875,-77.5125,0.303681458
3/22/2017,33.1875,-77.5125,0.452114971
3/23/2017,33.1875,-77.5125,NaN
3/24/2017,33.1875,-77.5125,0.212209467
3/25/2017,33.1875,-77.5125,0.16019828
3/26/2017,33.1875,-77.5125,0.18553151
3/27/2017,33.1875,-77.5125,0.218995302
3/28/2017,33.1875,-77.5125,0.193744784
3/29/2017,33.1875,-77.5125,0.187481482
3/30/2017,33.1875,-77.5125,0.23182079
3/31/2017,33.1875,-77.5125,0.237249005
4/1/2017,33.1875,-77.5125,0.266596428
4/2/2017,33.1875,-77.5125,0.248760453
4/3/2017,33.1875,-77.5125,0.209601085
4/4/2017,33.1875,-77.5125,0.249649441
4/5/2017,33.1875,-77.5125,0.392278904
4/6/2017,33.1875,-77.5125,NaN
4/7/2017,33.1875,-77.5125,0.269522344
4/8/2017,33.1875,-77.5125,NaN
4/9/2017,33.1875,-77.5125,0.453980321
4/10/2017,33.1875,-77.5125,0.366173465
4/11/2017,33.1875,-77.5125,0.315536303
4/12/2017,33.1875,-77.5125,0.155732676
4/13/2017,33.1875,-77.5125,0.187278786
4/14/2017,33.1875,-77.5125,0.200568255
4/15/2017,33.1875,-77.5125,0.19599867
4/16/2017,33.1875,-77.5125,0.13882793
4/17/2017,33.1875,-77.5125,0.207416055
4/18/2017,33.1875,-77.5125,0.198524136
4/19/2017,33.1875,-77.5125,0.115484204
4/20/2017,33.1875,-77.5125,0.170691435
4/21/2017,33.1875,-77.5125,0.188104995
4/22/2017,33.1875,-77.5125,NaN
4/23/2017,33.1875,-77.5125,0.17173528
4/24/2017,33.1875,-77.5125,NaN
4/25/2017,33.1875,-77.5125,NaN
4/26/2017,33.1875,-77.5125,NaN
4/27/2017,33.1875,-77.5125,NaN
4/28/2017,33.1875,-77.5125,0.388476783
4/29/2017,33.1875,-77.5125,0.252090921
4/30/2017,33.1875,-77.5125,0.227178498
5/1/2017,33.1875,-77.5125,0.249031885
5/2/2017,33.1875,-77.5125,NaN
5/3/2017,33.1875,-77.5125,0.429088304
5/4/2017,33.1875,-77.5125,0.312265054
5/5/2017,33.1875,-77.5125,NaN
5/6/2017,33.1875,-77.5125,0.39582815
5/7/2017,33.1875,-77.5125,0.39582815
5/8/2017,33.1875,-77.5125,NaN
5/9/2017,33.1875,-77.5125,0.334362562
5/10/2017,33.1875,-77.5125,0.271962114
5/11/2017,33.1875,-77.5125,NaN
5/12/2017,33.1875,-77.5125,NaN
5/13/2017,33.1875,-77.5125,NaN
5/14/2017,33.1875,-77.5125,0.521111196
5/15/2017,33.1875,-77.5125,0.41294932
5/16/2017,33.1875,-77.5125,0.371961688
5/17/2017,33.1875,-77.5125,0.412328082
5/18/2017,33.1875,-77.5125,NaN
5/19/2017,33.1875,-77.5125,0.278629248
5/20/2017,33.1875,-77.5125,0.209693013
5/21/2017,33.1875,-77.5125,0.124341955
5/22/2017,33.1875,-77.5125,0.140763003
5/23/2017,33.1875,-77.5125,NaN
5/24/2017,33.1875,-77.5125,NaN
5/25/2017,33.1875,-77.5125,0.555560568
5/26/2017,33.1875,-77.5125,0.899161666
5/27/2017,33.1875,-77.5125,1.002938812
5/28/2017,33.1875,-77.5125,0.595207184
5/29/2017,33.1875,-77.5125,NaN
5/30/2017,33.1875,-77.5125,NaN
5/31/2017,33.1875,-77.5125,NaN
6/1/2017,33.1875,-77.5125,NaN
6/2/2017,33.1875,-77.5125,0.517410389
6/3/2017,33.1875,-77.5125,NaN
6/4/2017,33.1875,-77.5125,NaN
6/5/2017,33.1875,-77.5125,0.344336842
6/6/2017,33.1875,-77.5125,NaN
6/7/2017,33.1875,-77.5125,NaN
6/8/2017,33.1875,-77.5125,NaN
6/9/2017,33.1875,-77.5125,NaN
6/10/2017,33.1875,-77.5125,0.226828045
6/11/2017,33.1875,-77.5125,0.226828045
6/12/2017,33.1875,-77.5125,0.102143304
6/13/2017,33.1875,-77.5125,NaN
6/14/2017,33.1875,-77.5125,NaN
6/15/2017,33.1875,-77.5125,0.188471311
6/16/2017,33.1875,-77.5125,0.247579901
6/17/2017,33.1875,-77.5125,0.521354172
6/18/2017,33.1875,-77.5125,0.301875178
6/19/2017,33.1875,-77.5125,NaN
6/20/2017,33.1875,-77.5125,NaN
6/21/2017,33.1875,-77.5125,NaN
6/22/2017,33.1875,-77.5125,0.58023279
6/23/2017,33.1875,-77.5125,0.279610375
6/24/2017,33.1875,-77.5125,0.571782066
6/25/2017,33.1875,-77.5125,NaN
6/26/2017,33.1875,-77.5125,NaN
6/27/2017,33.1875,-77.5125,NaN
6/28/2017,33.1875,-77.5125,0.09086765
6/29/2017,33.1875,-77.5125,0.256672141
6/30/2017,33.1875,-77.5125,NaN
7/1/2017,33.1875,-77.5125,NaN
7/2/2017,33.1875,-77.5125,0.232101955
7/3/2017,33.1875,-77.5125,NaN
7/4/2017,33.1875,-77.5125,NaN
7/5/2017,33.1875,-77.5125,NaN
7/6/2017,33.1875,-77.5125,NaN
7/7/2017,33.1875,-77.5125,0.36952914
7/8/2017,33.1875,-77.5125,0.372866453
7/9/2017,33.1875,-77.5125,NaN
7/10/2017,33.1875,-77.5125,0.545477118
7/11/2017,33.1875,-77.5125,NaN
7/12/2017,33.1875,-77.5125,0.339259262
7/13/2017,33.1875,-77.5125,0.523730323
7/14/2017,33.1875,-77.5125,0.218031872
7/15/2017,33.1875,-77.5125,0.208237479
7/16/2017,33.1875,-77.5125,NaN
7/17/2017,33.1875,-77.5125,0.081435073
7/18/2017,33.1875,-77.5125,NaN
7/19/2017,33.1875,-77.5125,0.251146153
7/20/2017,33.1875,-77.5125,0.167542894
7/21/2017,33.1875,-77.5125,NaN
7/22/2017,33.1875,-77.5125,NaN
7/23/2017,33.1875,-77.5125,0.258006306
7/24/2017,33.1875,-77.5125,NaN
7/25/2017,33.1875,-77.5125,0.413336503
7/26/2017,33.1875,-77.5125,NaN
7/27/2017,33.1875,-77.5125,0.233901933
7/28/2017,33.1875,-77.5125,NaN
7/29/2017,33.1875,-77.5125,NaN
7/30/2017,33.1875,-77.5125,0.437945283
7/31/2017,33.1875,-77.5125,0.209071246
8/1/2017,33.1875,-77.5125,NaN
8/2/2017,33.1875,-77.5125,0.182620099
8/3/2017,33.1875,-77.5125,NaN
8/4/2017,33.1875,-77.5125,0.205779052
8/5/2017,33.1875,-77.5125,0.251054286
8/6/2017,33.1875,-77.5125,NaN
8/7/2017,33.1875,-77.5125,NaN
8/8/2017,33.1875,-77.5125,NaN
8/9/2017,33.1875,-77.5125,NaN
8/10/2017,33.1875,-77.5125,NaN
8/11/2017,33.1875,-77.5125,0.30312397
8/12/2017,33.1875,-77.5125,NaN
8/13/2017,33.1875,-77.5125,0.195129289
8/14/2017,33.1875,-77.5125,0.155077742
8/15/2017,33.1875,-77.5125,0.198922018
8/16/2017,33.1875,-77.5125,0.218950414
8/17/2017,33.1875,-77.5125,NaN
8/18/2017,33.1875,-77.5125,0.25174814
8/19/2017,33.1875,-77.5125,0.168462322
8/20/2017,33.1875,-77.5125,0.196383414
8/21/2017,33.1875,-77.5125,NaN
8/22/2017,33.1875,-77.5125,0.294609103
8/23/2017,33.1875,-77.5125,NaN
8/24/2017,33.1875,-77.5125,NaN
8/25/2017,33.1875,-77.5125,0.161376342
8/26/2017,33.1875,-77.5125,0.188309355
8/27/2017,33.1875,-77.5125,NaN
8/28/2017,33.1875,-77.5125,NaN
8/29/2017,33.1875,-77.5125,NaN
8/30/2017,33.1875,-77.5125,NaN
8/31/2017,33.1875,-77.5125,0.216511306
9/1/2017,33.1875,-77.5125,0.193844242
9/2/2017,33.1875,-77.5125,0.16680813
9/3/2017,33.1875,-77.5125,0.19738121
9/4/2017,33.1875,-77.5125,0.183242908
9/5/2017,33.1875,-77.5125,0.25681466
9/6/2017,33.1875,-77.5125,0.19232439
9/7/2017,33.1875,-77.5125,NaN
9/8/2017,33.1875,-77.5125,0.307614164
9/9/2017,33.1875,-77.5125,NaN
9/10/2017,33.1875,-77.5125,NaN
9/11/2017,33.1875,-77.5125,NaN
9/12/2017,33.1875,-77.5125,0.210926304
9/13/2017,33.1875,-77.5125,0.233133338
9/14/2017,33.1875,-77.5125,0.224948266
9/15/2017,33.1875,-77.5125,0.207835187
9/16/2017,33.1875,-77.5125,0.195231772
9/17/2017,33.1875,-77.5125,0.152449863
9/18/2017,33.1875,-77.5125,0.124354655
9/19/2017,33.1875,-77.5125,0.269796687
9/20/2017,33.1875,-77.5125,0.256997089
9/21/2017,33.1875,-77.5125,0.232152811
9/22/2017,33.1875,-77.5125,0.211796011
9/23/2017,33.1875,-77.5125,0.225975246
9/24/2017,33.1875,-77.5125,NaN
9/25/2017,33.1875,-77.5125,NaN
9/26/2017,33.1875,-77.5125,0.289008024
9/27/2017,33.1875,-77.5125,0.380558458
9/28/2017,33.1875,-77.5125,0.260815755
9/29/2017,33.1875,-77.5125,NaN
9/30/2017,33.1875,-77.5125,0.568475845
10/1/2017,33.1875,-77.5125,NaN
10/2/2017,33.1875,-77.5125,0.146613868
10/3/2017,33.1875,-77.5125,0.250378727
10/4/2017,33.1875,-77.5125,0.207770616
10/5/2017,33.1875,-77.5125,0.346063431
10/6/2017,33.1875,-77.5125,0.466745657
10/7/2017,33.1875,-77.5125,0.288335383
10/8/2017,33.1875,-77.5125,0.250970791
10/9/2017,33.1875,-77.5125,0.204512833
10/10/2017,33.1875,-77.5125,0.229682131
10/11/2017,33.1875,-77.5125,0.238531161
10/12/2017,33.1875,-77.5125,0.19256876
10/13/2017,33.1875,-77.5125,0.261345551
10/14/2017,33.1875,-77.5125,0.161683223
10/15/2017,33.1875,-77.5125,0.263562743
10/16/2017,33.1875,-77.5125,0.245446253
10/17/2017,33.1875,-77.5125,NaN
10/18/2017,33.1875,-77.5125,0.398158781
10/19/2017,33.1875,-77.5125,0.302058127
10/20/2017,33.1875,-77.5125,0.259114433
10/21/2017,33.1875,-77.5125,0.265823009
10/22/2017,33.1875,-77.5125,0.259108894
10/23/2017,33.1875,-77.5125,NaN
10/24/2017,33.1875,-77.5125,0.241807325
10/25/2017,33.1875,-77.5125,0.280274104
10/26/2017,33.1875,-77.5125,0.286601321
10/27/2017,33.1875,-77.5125,0.246169113
10/28/2017,33.1875,-77.5125,0.228145146
10/29/2017,33.1875,-77.5125,NaN
10/30/2017,33.1875,-77.5125,0.360869602
10/31/2017,33.1875,-77.5125,0.310356852
11/1/2017,33.1875,-77.5125,0.213317639
11/2/2017,33.1875,-77.5125,0.235584454
11/3/2017,33.1875,-77.5125,0.227378513
11/4/2017,33.1875,-77.5125,0.910028351
11/5/2017,33.1875,-77.5125,0.205168114
11/6/2017,33.1875,-77.5125,0.192605916
11/7/2017,33.1875,-77.5125,0.231624236
11/8/2017,33.1875,-77.5125,NaN
11/9/2017,33.1875,-77.5125,NaN
11/10/2017,33.1875,-77.5125,0.427022036
11/11/2017,33.1875,-77.5125,NaN
11/12/2017,33.1875,-77.5125,0.49037408
11/13/2017,33.1875,-77.5125,NaN
11/14/2017,33.1875,-77.5125,NaN
11/15/2017,33.1875,-77.5125,0.346609431
11/16/2017,33.1875,-77.5125,0.301337385
11/17/2017,33.1875,-77.5125,0.251813978
11/18/2017,33.1875,-77.5125,NaN
11/19/2017,33.1875,-77.5125,0.343150349
11/20/2017,33.1875,-77.5125,0.290916839
11/21/2017,33.1875,-77.5125,NaN
11/22/2017,33.1875,-77.5125,0.304171676
11/23/2017,33.1875,-77.5125,NaN
11/24/2017,33.1875,-77.5125,NaN
11/25/2017,33.1875,-77.5125,0.277712458
11/26/2017,33.1875,-77.5125,0.255797371
11/27/2017,33.1875,-77.5125,0.286309052
11/28/2017,33.1875,-77.5125,0.255642601
11/29/2017,33.1875,-77.5125,0.285162604
11/30/2017,33.1875,-77.5125,0.257098304
12/1/2017,33.1875,-77.5125,0.201640064
12/2/2017,33.1875,-77.5125,NaN
12/3/2017,33.1875,-77.5125,0.18118125
12/4/2017,33.1875,-77.5125,NaN
12/5/2017,33.1875,-77.5125,0.251288598
12/6/2017,33.1875,-77.5125,NaN
12/7/2017,33.1875,-77.5125,NaN
12/8/2017,33.1875,-77.5125,NaN
12/9/2017,33.1875,-77.5125,NaN
12/10/2017,33.1875,-77.5125,0.373505685
12/11/2017,33.1875,-77.5125,0.305507213
12/12/2017,33.1875,-77.5125,0.415608112
12/13/2017,33.1875,-77.5125,0.460844322
12/14/2017,33.1875,-77.5125,0.584242117
12/15/2017,33.1875,-77.5125,1.531234858
12/16/2017,33.1875,-77.5125,0.287150716
12/17/2017,33.1875,-77.5125,0.598420404
12/18/2017,33.1875,-77.5125,0.256962799
12/19/2017,33.1875,-77.5125,0.335552351
12/20/2017,33.1875,-77.5125,NaN
12/21/2017,33.1875,-77.5125,0.283339587
12/22/2017,33.1875,-77.5125,0.250467517
12/23/2017,33.1875,-77.5125,NaN
12/24/2017,33.1875,-77.5125,NaN
12/25/2017,33.1875,-77.5125,0.393091153
12/26/2017,33.1875,-77.5125,0.593243474
12/27/2017,33.1875,-77.5125,NaN
12/28/2017,33.1875,-77.5125,NaN
12/29/2017,33.1875,-77.5125,NaN
12/30/2017,33.1875,-77.5125,0.29120121
12/31/2017,33.1875,-77.5125,NaN
1/1/2018,33.1875,-77.5125,NaN
1/2/2018,33.1875,-77.5125,NaN
1/3/2018,33.1875,-77.5125,NaN
1/4/2018,33.1875,-77.5125,0.535645234
1/5/2018,33.1875,-77.5125,0.232772857
1/6/2018,33.1875,-77.5125,0.404621678
1/7/2018,33.1875,-77.5125,NaN
1/8/2018,33.1875,-77.5125,0.266283279
1/9/2018,33.1875,-77.5125,0.322201738
1/10/2018,33.1875,-77.5125,0.226828174
1/11/2018,33.1875,-77.5125,NaN
1/12/2018,33.1875,-77.5125,NaN
1/13/2018,33.1875,-77.5125,0.249958485
1/14/2018,33.1875,-77.5125,NaN
1/15/2018,33.1875,-77.5125,1.35042388
1/16/2018,33.1875,-77.5125,0.31695135
1/17/2018,33.1875,-77.5125,0.350146106
1/18/2018,33.1875,-77.5125,0.367176995
1/19/2018,33.1875,-77.5125,0.34712039
1/20/2018,33.1875,-77.5125,0.335404106
1/21/2018,33.1875,-77.5125,NaN
1/22/2018,33.1875,-77.5125,NaN
1/23/2018,33.1875,-77.5125,NaN
1/24/2018,33.1875,-77.5125,0.436144497
1/25/2018,33.1875,-77.5125,0.482316372
1/26/2018,33.1875,-77.5125,0.410260377
1/27/2018,33.1875,-77.5125,NaN
1/28/2018,33.1875,-77.5125,0.3764019
1/29/2018,33.1875,-77.5125,NaN
1/30/2018,33.1875,-77.5125,0.450910385
1/31/2018,33.1875,-77.5125,0.461225212
2/1/2018,33.1875,-77.5125,0.565769912
2/2/2018,33.1875,-77.5125,NaN
2/3/2018,33.1875,-77.5125,0.443892479
2/4/2018,33.1875,-77.5125,NaN
2/5/2018,33.1875,-77.5125,0.475017294
2/6/2018,33.1875,-77.5125,0.402109131
2/7/2018,33.1875,-77.5125,0.525276039
2/8/2018,33.1875,-77.5125,NaN
2/9/2018,33.1875,-77.5125,NaN
2/10/2018,33.1875,-77.5125,0.384012133
2/11/2018,33.1875,-77.5125,NaN
2/12/2018,33.1875,-77.5125,NaN
2/13/2018,33.1875,-77.5125,NaN
2/14/2018,33.1875,-77.5125,0.413609698
2/15/2018,33.1875,-77.5125,0.421339211
2/16/2018,33.1875,-77.5125,0.409497111
2/17/2018,33.1875,-77.5125,NaN
2/18/2018,33.1875,-77.5125,0.23842822
2/19/2018,33.1875,-77.5125,0.325864095
2/20/2018,NaN,NaN,NaN
2/21/2018,33.1875,-77.5125,0.261425771
2/22/2018,33.1875,-77.5125,0.121532799
2/23/2018,33.1875,-77.5125,0.112790159
2/24/2018,33.1875,-77.5125,0.284047658
2/25/2018,33.1875,-77.5125,0.41300287
2/26/2018,33.1875,-77.5125,NaN
2/27/2018,33.1875,-77.5125,0.298033406
2/28/2018,33.1875,-77.5125,NaN
3/1/2018,33.1875,-77.5125,0.294646482
3/2/2018,33.1875,-77.5125,0.42617656
3/3/2018,33.1875,-77.5125,0.458729173
3/4/2018,33.1875,-77.5125,2.011983
3/5/2018,33.1875,-77.5125,0.327858274
3/6/2018,33.1875,-77.5125,NaN
3/7/2018,33.1875,-77.5125,0.510182229
3/8/2018,33.1875,-77.5125,0.147438706
3/9/2018,33.1875,-77.5125,0.324358917
3/10/2018,33.1875,-77.5125,0.190314177
3/11/2018,33.1875,-77.5125,0.249738477
3/12/2018,33.1875,-77.5125,0.166506424
3/13/2018,33.1875,-77.5125,0.361154148
3/14/2018,33.1875,-77.5125,0.216428646
3/15/2018,33.1875,-77.5125,0.293054057
3/16/2018,33.1875,-77.5125,0.373267599
3/17/2018,33.1875,-77.5125,0.216956802
3/18/2018,33.1875,-77.5125,0.53634393
3/19/2018,33.1875,-77.5125,0.299147053
3/20/2018,33.1875,-77.5125,NaN
3/21/2018,33.1875,-77.5125,NaN
3/22/2018,33.1875,-77.5125,0.349378299
3/23/2018,33.1875,-77.5125,0.468922193
3/24/2018,33.1875,-77.5125,NaN
3/25/2018,33.1875,-77.5125,NaN
3/26/2018,33.1875,-77.5125,NaN
3/27/2018,33.1875,-77.5125,NaN
3/28/2018,33.1875,-77.5125,0.342316118
3/29/2018,33.1875,-77.5125,NaN
3/30/2018,33.1875,-77.5125,0.250431316
3/31/2018,33.1875,-77.5125,NaN
4/1/2018,33.1875,-77.5125,0.31275193
4/2/2018,33.1875,-77.5125,0.380874786
4/3/2018,33.1875,-77.5125,0.306253913
4/4/2018,33.1875,-77.5125,0.264267625
4/5/2018,33.1875,-77.5125,0.425107802
4/6/2018,33.1875,-77.5125,0.226434336
4/7/2018,33.1875,-77.5125,NaN
4/8/2018,33.1875,-77.5125,NaN
4/9/2018,33.1875,-77.5125,NaN
4/10/2018,33.1875,-77.5125,NaN
4/11/2018,33.1875,-77.5125,0.38376655
4/12/2018,33.1875,-77.5125,0.456277269
4/13/2018,33.1875,-77.5125,0.313703548
4/14/2018,33.1875,-77.5125,NaN
4/15/2018,33.1875,-77.5125,0.26658753
4/16/2018,33.1875,-77.5125,1.913471145
4/17/2018,33.1875,-77.5125,0.629067915
4/18/2018,33.1875,-77.5125,0.575692812
4/19/2018,33.1875,-77.5125,0.36386946
4/20/2018,33.1875,-77.5125,1.4028837
4/21/2018,33.1875,-77.5125,0.5804118
4/22/2018,33.1875,-77.5125,NaN
4/23/2018,33.1875,-77.5125,NaN
4/24/2018,33.1875,-77.5125,0.240014207
4/25/2018,33.1875,-77.5125,NaN
4/26/2018,33.1875,-77.5125,0.132452438
4/27/2018,33.1875,-77.5125,0.250725291
4/28/2018,33.1875,-77.5125,0.220694813
4/29/2018,33.1875,-77.5125,0.392102461
4/30/2018,33.1875,-77.5125,NaN
5/1/2018,33.1875,-77.5125,0.189006354
5/2/2018,33.1875,-77.5125,0.17455434
5/3/2018,33.1875,-77.5125,0.168643333
5/4/2018,33.1875,-77.5125,0.156189139
5/5/2018,33.1875,-77.5125,0.15694394
5/6/2018,33.1875,-77.5125,NaN
5/7/2018,33.1875,-77.5125,0.34660519
5/8/2018,33.1875,-77.5125,NaN
5/9/2018,33.1875,-77.5125,0.104102349
5/10/2018,33.1875,-77.5125,0.173337538
5/11/2018,33.1875,-77.5125,NaN
5/12/2018,33.1875,-77.5125,0.171457612
5/13/2018,33.1875,-77.5125,0.111580274
5/14/2018,33.1875,-77.5125,0.18598676
5/15/2018,33.1875,-77.5125,0.168694799
5/16/2018,33.1875,-77.5125,NaN
5/17/2018,33.1875,-77.5125,NaN
5/18/2018,33.1875,-77.5125,NaN
5/19/2018,33.1875,-77.5125,NaN
5/20/2018,33.1875,-77.5125,0.559471973
5/21/2018,33.1875,-77.5125,NaN
5/22/2018,33.1875,-77.5125,NaN
5/23/2018,33.1875,-77.5125,0.374016781
5/24/2018,33.1875,-77.5125,0.149345581
5/25/2018,33.1875,-77.5125,0.203268678
5/26/2018,33.1875,-77.5125,0.225961648
5/27/2018,33.1875,-77.5125,NaN
5/28/2018,33.1875,-77.5125,NaN
5/29/2018,33.1875,-77.5125,NaN
5/30/2018,33.1875,-77.5125,NaN
5/31/2018,33.1875,-77.5125,0.285542125
6/1/2018,33.1875,-77.5125,NaN
6/2/2018,33.1875,-77.5125,0.239663496
6/3/2018,33.1875,-77.5125,0.258984591
6/4/2018,33.1875,-77.5125,0.25586147
6/5/2018,33.1875,-77.5125,0.157701227
6/6/2018,33.1875,-77.5125,0.15839583
6/7/2018,33.1875,-77.5125,0.227310666
6/8/2018,33.1875,-77.5125,0.214301356
6/9/2018,33.1875,-77.5125,NaN
6/10/2018,33.1875,-77.5125,0.39453244
6/11/2018,33.1875,-77.5125,0.216687627
6/12/2018,33.1875,-77.5125,NaN
6/13/2018,33.1875,-77.5125,0.21436778
6/14/2018,33.1875,-77.5125,0.177856832
6/15/2018,33.1875,-77.5125,0.201720416
6/16/2018,33.1875,-77.5125,0.229634503
6/17/2018,33.1875,-77.5125,NaN
6/18/2018,33.1875,-77.5125,NaN
6/19/2018,33.1875,-77.5125,0.240108016
6/20/2018,33.1875,-77.5125,0.30159335
6/21/2018,33.1875,-77.5125,0.309303214
6/22/2018,33.1875,-77.5125,NaN
6/23/2018,33.1875,-77.5125,NaN
6/24/2018,33.1875,-77.5125,0.377598668
6/25/2018,33.1875,-77.5125,0.445510303
6/26/2018,33.1875,-77.5125,0.293125925
6/27/2018,33.1875,-77.5125,0.308548955
6/28/2018,33.1875,-77.5125,NaN
6/29/2018,33.1875,-77.5125,NaN
6/30/2018,33.1875,-77.5125,0.207618783
7/1/2018,33.1875,-77.5125,0.281704481
7/2/2018,33.1875,-77.5125,0.304714778
7/3/2018,33.1875,-77.5125,NaN
7/4/2018,33.1875,-77.5125,0.255315421
7/5/2018,33.1875,-77.5125,0.166330147
7/6/2018,33.1875,-77.5125,0.297862346
7/7/2018,33.1875,-77.5125,NaN
7/8/2018,33.1875,-77.5125,NaN
7/9/2018,33.1875,-77.5125,NaN
7/10/2018,33.1875,-77.5125,0.254601608
7/11/2018,33.1875,-77.5125,0.171393555
7/12/2018,33.1875,-77.5125,0.16883165
7/13/2018,33.1875,-77.5125,NaN
7/14/2018,33.1875,-77.5125,NaN
7/15/2018,33.1875,-77.5125,0.280206999
7/16/2018,33.1875,-77.5125,NaN
7/17/2018,33.1875,-77.5125,NaN
7/18/2018,33.1875,-77.5125,0.222103368
7/19/2018,33.1875,-77.5125,NaN
7/20/2018,33.1875,-77.5125,NaN
7/21/2018,33.1875,-77.5125,NaN
7/22/2018,33.1875,-77.5125,0.207407355
7/23/2018,33.1875,-77.5125,0.236565243
7/24/2018,33.1875,-77.5125,NaN
7/25/2018,33.1875,-77.5125,NaN
7/26/2018,33.1875,-77.5125,NaN
7/27/2018,33.1875,-77.5125,0.18270564
7/28/2018,33.1875,-77.5125,0.219176966
7/29/2018,33.1875,-77.5125,NaN
7/30/2018,33.1875,-77.5125,NaN
7/31/2018,33.1875,-77.5125,0.339779136
8/1/2018,33.1875,-77.5125,0.1707942
8/2/2018,33.1875,-77.5125,0.223485155
8/3/2018,33.1875,-77.5125,NaN
8/4/2018,33.1875,-77.5125,NaN
8/5/2018,33.1875,-77.5125,0.233016457
8/6/2018,33.1875,-77.5125,0.314151349
8/7/2018,33.1875,-77.5125,0.478218801
8/8/2018,33.1875,-77.5125,NaN
8/9/2018,33.1875,-77.5125,NaN
8/10/2018,33.1875,-77.5125,0.517408486
8/11/2018,33.1875,-77.5125,0.580468266
8/12/2018,33.1875,-77.5125,0.466155881
8/13/2018,33.1875,-77.5125,NaN
8/14/2018,33.1875,-77.5125,0.864583141
8/15/2018,33.1875,-77.5125,NaN
8/16/2018,33.1875,-77.5125,0.599919973
8/17/2018,33.1875,-77.5125,0.252679532
8/18/2018,33.1875,-77.5125,0.385707227
8/19/2018,33.1875,-77.5125,0.69482125
8/20/2018,33.1875,-77.5125,NaN
8/21/2018,33.1875,-77.5125,0.417949705
8/22/2018,33.1875,-77.5125,0.60454972
8/23/2018,33.1875,-77.5125,NaN
8/24/2018,33.1875,-77.5125,NaN
8/25/2018,33.1875,-77.5125,0.376023876
8/26/2018,33.1875,-77.5125,NaN
8/27/2018,33.1875,-77.5125,0.234680344
8/28/2018,33.1875,-77.5125,0.227905089
8/29/2018,33.1875,-77.5125,0.249764387
8/30/2018,33.1875,-77.5125,0.247596329
8/31/2018,33.1875,-77.5125,0.265238049
9/1/2018,33.1875,-77.5125,0.264752529
9/2/2018,33.1875,-77.5125,0.180520134
9/3/2018,33.1875,-77.5125,0.256866845
9/4/2018,33.1875,-77.5125,0.191375617
9/5/2018,33.1875,-77.5125,NaN
9/6/2018,33.1875,-77.5125,0.244124333
9/7/2018,33.1875,-77.5125,0.194899505
9/8/2018,33.1875,-77.5125,0.289121489
9/9/2018,33.1875,-77.5125,0.212219389
9/10/2018,33.1875,-77.5125,0.200252633
9/11/2018,33.1875,-77.5125,0.297521153
9/12/2018,33.1875,-77.5125,NaN
9/13/2018,33.1875,-77.5125,NaN
9/14/2018,33.1875,-77.5125,NaN
9/15/2018,33.1875,-77.5125,NaN
9/16/2018,33.1875,-77.5125,NaN
9/17/2018,33.1875,-77.5125,NaN
9/18/2018,33.1875,-77.5125,NaN
9/19/2018,33.1875,-77.5125,0.694185385
9/20/2018,33.1875,-77.5125,0.395008024
9/21/2018,33.1875,-77.5125,0.284304949
9/22/2018,33.1875,-77.5125,0.423483547
9/23/2018,33.1875,-77.5125,0.366365241
9/24/2018,33.1875,-77.5125,0.100765739
9/25/2018,33.1875,-77.5125,0.197283858
9/26/2018,33.1875,-77.5125,0.39188549
9/27/2018,33.1875,-77.5125,0.239313754
9/28/2018,33.1875,-77.5125,NaN
9/29/2018,33.1875,-77.5125,NaN
9/30/2018,33.1875,-77.5125,0.179917119
10/1/2018,33.1875,-77.5125,0.175202362
10/2/2018,33.1875,-77.5125,0.176534235
10/3/2018,33.1875,-77.5125,0.250307607
10/4/2018,33.1875,-77.5125,0.284089104
10/5/2018,33.1875,-77.5125,0.405418979
10/6/2018,33.1875,-77.5125,0.371430275
10/7/2018,33.1875,-77.5125,0.556192221
10/8/2018,33.1875,-77.5125,0.259206278
10/9/2018,33.1875,-77.5125,NaN
10/10/2018,33.1875,-77.5125,0.577358145
10/11/2018,33.1875,-77.5125,NaN
10/12/2018,33.1875,-77.5125,0.601450864
10/13/2018,33.1875,-77.5125,0.507295704
10/14/2018,33.1875,-77.5125,0.196055642
10/15/2018,33.1875,-77.5125,0.282030071
10/16/2018,33.1875,-77.5125,0.372388367
10/17/2018,33.1875,-77.5125,0.550614968
10/18/2018,33.1875,-77.5125,0.233166813
10/19/2018,33.1875,-77.5125,0.339268033
10/20/2018,33.1875,-77.5125,NaN
10/21/2018,33.1875,-77.5125,0.67443314
10/22/2018,33.1875,-77.5125,0.502694368
10/23/2018,33.1875,-77.5125,1.602298988
10/24/2018,33.1875,-77.5125,0.550618319
10/25/2018,33.1875,-77.5125,NaN
10/26/2018,33.1875,-77.5125,NaN
10/27/2018,33.1875,-77.5125,NaN
10/28/2018,33.1875,-77.5125,0.699608605
10/29/2018,33.1875,-77.5125,0.729766512
10/30/2018,33.1875,-77.5125,0.699394721
10/31/2018,33.1875,-77.5125,0.667829589
11/1/2018,33.1875,-77.5125,0.665407485
11/2/2018,33.1875,-77.5125,0.430317483
11/3/2018,33.1875,-77.5125,1.088277095
11/4/2018,33.1875,-77.5125,0.593881188
11/5/2018,33.1875,-77.5125,NaN
11/6/2018,33.1875,-77.5125,0.29675007
11/7/2018,33.1875,-77.5125,NaN
11/8/2018,33.1875,-77.5125,NaN
11/9/2018,33.1875,-77.5125,0.445250847
11/10/2018,33.1875,-77.5125,NaN
11/11/2018,33.1875,-77.5125,NaN
11/12/2018,33.1875,-77.5125,0.326122233
11/13/2018,33.1875,-77.5125,0.283981813
11/14/2018,33.1875,-77.5125,NaN
11/15/2018,33.1875,-77.5125,0.31186572
11/16/2018,33.1875,-77.5125,0.85914929
11/17/2018,33.1875,-77.5125,0.596002079
11/18/2018,33.1875,-77.5125,0.949544546
11/19/2018,33.1875,-77.5125,NaN
11/20/2018,33.1875,-77.5125,NaN
11/21/2018,33.1875,-77.5125,0.433070923
11/22/2018,33.1875,-77.5125,NaN
11/23/2018,33.1875,-77.5125,0.10248568
11/24/2018,33.1875,-77.5125,0.209775215
11/25/2018,33.1875,-77.5125,0.242733454
11/26/2018,33.1875,-77.5125,NaN
11/27/2018,33.1875,-77.5125,NaN
11/28/2018,33.1875,-77.5125,0.763593475
11/29/2018,33.1875,-77.5125,0.499279331
11/30/2018,33.1875,-77.5125,0.441068316
12/1/2018,33.1875,-77.5125,NaN
12/2/2018,33.1875,-77.5125,NaN
12/3/2018,33.1875,-77.5125,NaN
12/4/2018,33.1875,-77.5125,0.472799275
12/5/2018,33.1875,-77.5125,0.993611831
12/6/2018,33.1875,-77.5125,0.571557185
12/7/2018,33.1875,-77.5125,0.348690218
12/8/2018,33.1875,-77.5125,NaN
12/9/2018,33.1875,-77.5125,NaN
12/10/2018,33.1875,-77.5125,NaN
12/11/2018,33.1875,-77.5125,2.322232573
12/12/2018,33.1875,-77.5125,0.2688929
12/13/2018,33.1875,-77.5125,NaN
12/14/2018,33.1875,-77.5125,NaN
12/15/2018,33.1875,-77.5125,NaN
12/16/2018,33.1875,-77.5125,0.501131856
12/17/2018,33.1875,-77.5125,NaN
12/18/2018,33.1875,-77.5125,0.724560923
12/19/2018,33.1875,-77.5125,NaN
12/20/2018,33.1875,-77.5125,NaN
12/21/2018,33.1875,-77.5125,0.227161434
12/22/2018,33.1875,-77.5125,NaN
12/23/2018,33.1875,-77.5125,1.116910944
12/24/2018,33.1875,-77.5125,0.910241967
12/25/2018,33.1875,-77.5125,0.732810271
12/26/2018,33.1875,-77.5125,0.719243436
12/27/2018,33.1875,-77.5125,NaN
12/28/2018,33.1875,-77.5125,NaN
12/29/2018,33.1875,-77.5125,NaN
12/30/2018,33.1875,-77.5125,NaN
12/31/2018,33.1875,-77.5125,0.439962664
1/1/2019,33.1875,-77.5125,0.449548578
1/2/2019,33.1875,-77.5125,NaN
1/3/2019,33.1875,-77.5125,NaN
1/4/2019,33.1875,-77.5125,NaN
1/5/2019,33.1875,-77.5125,0.735308173
1/6/2019,33.1875,-77.5125,0.985934002
1/7/2019,33.1875,-77.5125,0.900308768
1/8/2019,33.1875,-77.5125,0.8056533
1/9/2019,33.1875,-77.5125,1.352372662
1/10/2019,33.1875,-77.5125,1.34286665
1/11/2019,33.1875,-77.5125,1.703547996
1/12/2019,33.1875,-77.5125,NaN
1/13/2019,33.1875,-77.5125,NaN
1/14/2019,33.1875,-77.5125,NaN
1/15/2019,33.1875,-77.5125,1.067631827
1/16/2019,33.1875,-77.5125,0.655591766
1/17/2019,33.1875,-77.5125,0.382609996
1/18/2019,33.1875,-77.5125,0.376172921
1/19/2019,33.1875,-77.5125,NaN
1/20/2019,33.1875,-77.5125,1.303101833
1/21/2019,33.1875,-77.5125,NaN
1/22/2019,33.1875,-77.5125,1.39836101
1/23/2019,33.1875,-77.5125,NaN
1/24/2019,33.1875,-77.5125,NaN
1/25/2019,33.1875,-77.5125,0.914154459
1/26/2019,33.1875,-77.5125,0.601196184
1/27/2019,33.1875,-77.5125,NaN
1/28/2019,33.1875,-77.5125,NaN
1/29/2019,33.1875,-77.5125,0.190569038
1/30/2019,33.1875,-77.5125,NaN
1/31/2019,33.1875,-77.5125,0.705512305
2/1/2019,33.1875,-77.5125,0.60660789
2/2/2019,33.1875,-77.5125,NaN
2/3/2019,33.1875,-77.5125,NaN
2/4/2019,33.1875,-77.5125,0.369140697
2/5/2019,33.1875,-77.5125,0.574099274
2/6/2019,33.1875,-77.5125,0.525984094
2/7/2019,33.1875,-77.5125,0.514808765
2/8/2019,33.1875,-77.5125,NaN
2/9/2019,33.1875,-77.5125,NaN
2/10/2019,33.1875,-77.5125,0.221004747
2/11/2019,33.1875,-77.5125,NaN
2/12/2019,33.1875,-77.5125,NaN
2/13/2019,33.1875,-77.5125,NaN
2/14/2019,33.1875,-77.5125,0.454812066
2/15/2019,33.1875,-77.5125,NaN
2/16/2019,33.1875,-77.5125,NaN
2/17/2019,33.1875,-77.5125,NaN
2/18/2019,33.1875,-77.5125,NaN
2/19/2019,33.1875,-77.5125,NaN
2/20/2019,33.1875,-77.5125,NaN
2/21/2019,33.1875,-77.5125,0.419601135
2/22/2019,33.1875,-77.5125,0.283520133
2/23/2019,33.1875,-77.5125,0.253296824
2/24/2019,33.1875,-77.5125,NaN
2/25/2019,33.1875,-77.5125,0.523883677
2/26/2019,33.1875,-77.5125,0.413669689
2/27/2019,33.1875,-77.5125,0.17444909
2/28/2019,33.1875,-77.5125,0.31282469
3/1/2019,33.1875,-77.5125,NaN
3/2/2019,33.1875,-77.5125,0.109902666
3/3/2019,33.1875,-77.5125,0.299285827
3/4/2019,33.1875,-77.5125,NaN
3/5/2019,33.1875,-77.5125,NaN
3/6/2019,33.1875,-77.5125,0.631609938
3/7/2019,33.1875,-77.5125,0.393043478
3/8/2019,33.1875,-77.5125,0.445666404
3/9/2019,33.1875,-77.5125,NaN
3/10/2019,33.1875,-77.5125,0.280643057
3/11/2019,33.1875,-77.5125,0.1504335
3/12/2019,33.1875,-77.5125,0.272435344
3/13/2019,33.1875,-77.5125,0.198435481
3/14/2019,33.1875,-77.5125,0.203407005
3/15/2019,33.1875,-77.5125,0.220781613
3/16/2019,33.1875,-77.5125,NaN
3/17/2019,33.1875,-77.5125,NaN
3/18/2019,33.1875,-77.5125,0.224640659
3/19/2019,33.1875,-77.5125,NaN
3/20/2019,33.1875,-77.5125,0.227235957
3/21/2019,33.1875,-77.5125,0.32722836
3/22/2019,33.1875,-77.5125,0.600395504
3/23/2019,33.1875,-77.5125,0.455646021
3/24/2019,33.1875,-77.5125,0.44716282
3/25/2019,33.1875,-77.5125,NaN
3/26/2019,33.1875,-77.5125,NaN
3/27/2019,33.1875,-77.5125,NaN
3/28/2019,33.1875,-77.5125,0.65365396
3/29/2019,33.1875,-77.5125,0.253874033
3/30/2019,33.1875,-77.5125,0.231347011
3/31/2019,33.1875,-77.5125,0.29612118
4/1/2019,33.1875,-77.5125,NaN
4/2/2019,33.1875,-77.5125,0.235104035
4/3/2019,33.1875,-77.5125,0.376839062
4/4/2019,33.1875,-77.5125,0.298166576
4/5/2019,33.1875,-77.5125,NaN
4/6/2019,33.1875,-77.5125,0.428310557
4/7/2019,33.1875,-77.5125,0.294758234
4/8/2019,33.1875,-77.5125,0.298843722
4/9/2019,33.1875,-77.5125,NaN
4/10/2019,33.1875,-77.5125,0.284206186
4/11/2019,33.1875,-77.5125,0.297504766
4/12/2019,33.1875,-77.5125,NaN
4/13/2019,33.1875,-77.5125,NaN
4/14/2019,33.1875,-77.5125,NaN
4/15/2019,33.1875,-77.5125,0.393504041
4/16/2019,33.1875,-77.5125,0.356279864
4/17/2019,33.1875,-77.5125,NaN
4/18/2019,33.1875,-77.5125,0.246740966
4/19/2019,33.1875,-77.5125,NaN
4/20/2019,33.1875,-77.5125,NaN
4/21/2019,33.1875,-77.5125,0.423265206
4/22/2019,33.1875,-77.5125,0.571571728
4/23/2019,33.1875,-77.5125,0.627428387
4/24/2019,33.1875,-77.5125,0.328278006
4/25/2019,33.1875,-77.5125,0.486475325
4/26/2019,33.1875,-77.5125,0.458592452
4/27/2019,33.1875,-77.5125,0.535304546
4/28/2019,33.1875,-77.5125,NaN
4/29/2019,33.1875,-77.5125,0.452634402
4/30/2019,33.1875,-77.5125,0.29249228
5/1/2019,33.1875,-77.5125,0.385198258
5/2/2019,33.1875,-77.5125,0.247852791
5/3/2019,33.1875,-77.5125,NaN
5/4/2019,33.1875,-77.5125,0.51418883
5/5/2019,33.1875,-77.5125,0.308799886
5/6/2019,33.1875,-77.5125,0.156773532
5/7/2019,33.1875,-77.5125,0.311188769
5/8/2019,33.1875,-77.5125,0.150473694
5/9/2019,33.1875,-77.5125,NaN
5/10/2019,33.1875,-77.5125,0.183161996
5/11/2019,33.1875,-77.5125,0.108860551
5/12/2019,33.1875,-77.5125,NaN
5/13/2019,33.1875,-77.5125,0.74550055
5/14/2019,33.1875,-77.5125,NaN
5/15/2019,33.1875,-77.5125,0.313163204
5/16/2019,33.1875,-77.5125,0.152280541
5/17/2019,33.1875,-77.5125,0.221079098
5/18/2019,33.1875,-77.5125,0.266095034
5/19/2019,33.1875,-77.5125,NaN
5/20/2019,33.1875,-77.5125,0.219732122
5/21/2019,33.1875,-77.5125,0.266283617
5/22/2019,33.1875,-77.5125,0.183249654
5/23/2019,33.1875,-77.5125,0.217885018
5/24/2019,33.1875,-77.5125,NaN
5/25/2019,33.1875,-77.5125,NaN
5/26/2019,33.1875,-77.5125,0.219864407
5/27/2019,33.1875,-77.5125,0.194869349
5/28/2019,33.1875,-77.5125,0.236134482
5/29/2019,33.1875,-77.5125,0.235372414
5/30/2019,33.1875,-77.5125,NaN
5/31/2019,33.1875,-77.5125,NaN
6/1/2019,33.1875,-77.5125,0.413863934
6/2/2019,33.1875,-77.5125,0.38541351
6/3/2019,33.1875,-77.5125,0.401801455
6/4/2019,33.1875,-77.5125,NaN
6/5/2019,33.1875,-77.5125,0.21427865
6/6/2019,33.1875,-77.5125,NaN
6/7/2019,33.1875,-77.5125,NaN
6/8/2019,33.1875,-77.5125,NaN
6/9/2019,33.1875,-77.5125,NaN
6/10/2019,33.1875,-77.5125,NaN
6/11/2019,33.1875,-77.5125,NaN
6/12/2019,33.1875,-77.5125,NaN
6/13/2019,33.1875,-77.5125,0.21389924
6/14/2019,33.1875,-77.5125,0.404925636
6/15/2019,33.1875,-77.5125,NaN
6/16/2019,33.1875,-77.5125,0.301609658
