tbin,chlor_a_BP,chlor_a_GS,SST_BP,SST_GS
4/29/2016,0.19964526,0.113743975,24.71622222,24.71777778
4/30/2016,NaN,NaN,25.136,25.02179461
5/1/2016,0.196002178,0.101337596,25.94377778,25.06989899
5/2/2016,0.152565683,0.084121898,26.15411111,25.31391582
5/3/2016,0.195868837,NaN,26.33922222,25.07157239
5/4/2016,0.321198366,0.134908847,26.43644444,24.82571717
5/5/2016,NaN,NaN,26.32255556,24.95647811
5/6/2016,NaN,0.120345829,26.12844444,24.74875758
5/7/2016,0.234588574,0.148554844,25.98844444,24.63847138
5/8/2016,0.250451214,0.131175037,25.884,24.67213468
5/9/2016,0.2578687,0.167525693,25.38122222,24.57285185
5/10/2016,NaN,0.10645677,25.39488889,24.5449798
5/11/2016,0.301203268,0.122044968,25.70833333,24.71382155
5/12/2016,0.302571938,0.112906845,25.81477778,24.6907138
5/13/2016,0.423996753,0.085201428,26.03855556,24.7890303
5/14/2016,0.261789096,0.095025403,25.89211111,25.24056229
5/15/2016,NaN,0.082581661,26.06422222,25.39752525
5/16/2016,NaN,NaN,26.25611111,25.13454545
5/17/2016,NaN,NaN,26.31344444,25.07232997
5/18/2016,NaN,NaN,26.26766667,25.19715152
5/19/2016,0.24684983,0.067658576,25.82488889,25.50715152
5/20/2016,NaN,NaN,25.73377778,26.84443434
5/21/2016,NaN,NaN,26.35055556,26.77578788
5/22/2016,NaN,0.106900305,27.19277778,26.83807407
5/23/2016,0.153324795,0.08192625,27.18955556,27.25758586
5/24/2016,0.237988439,0.08577836,27.23288889,27.09672054
5/25/2016,0.221340529,0.084082285,27.18755556,27.04704377
5/26/2016,NaN,0.078723396,27.051,27.14487205
5/27/2016,0.222205639,NaN,26.95911111,27.09420539
5/28/2016,NaN,0.064656362,27.00033333,27.02174747
5/29/2016,0.197193452,NaN,26.91288889,27.13836364
5/30/2016,0.143073297,0.072055739,26.93533333,27.3656229
5/31/2016,NaN,0.090186594,27.04011111,27.29596296
6/1/2016,NaN,NaN,26.94922222,27.4479697
6/2/2016,0.151464341,0.100463667,27.02088889,27.73507744
6/3/2016,0.140435757,0.097094761,27.39466667,27.90622222
6/4/2016,0.162353469,0.078275086,27.58333333,28.1230404
6/5/2016,0.226082973,0.078611015,27.60611111,28.15742424
6/6/2016,NaN,NaN,26.95611111,28.48283838
6/7/2016,0.298271443,NaN,27.32855556,28.46453535
6/8/2016,0.205732697,0.098781381,27.65955556,27.92331313
6/9/2016,0.199711572,0.067700322,28.70511111,27.80342761
6/10/2016,0.198412858,0.076683339,28.42744444,28.56825589
6/11/2016,NaN,NaN,28.18933333,28.60574747
6/12/2016,0.234525573,NaN,28.42177778,28.62508081
6/13/2016,0.207920576,0.065072855,28.92955556,28.5636229
6/14/2016,0.188741551,0.065143583,29.02711111,28.41204714
6/15/2016,0.15363653,NaN,28.55455556,28.35493603
6/16/2016,NaN,NaN,28.57544444,28.08127609
6/17/2016,NaN,NaN,28.53655556,28.11606734
6/18/2016,0.165951634,0.075841221,28.48144444,28.05460269
6/19/2016,0.184269908,0.082192017,28.63255556,27.91927273
6/20/2016,0.202108955,0.069205548,28.72311111,27.80039057
6/21/2016,0.143167983,0.083800502,28.54477778,28.04269697
6/22/2016,NaN,NaN,28.20366667,28.28328283
6/23/2016,0.146239832,0.087123374,28.15188889,28.35893603
6/24/2016,NaN,0.077932768,28.24411111,28.09154545
6/25/2016,NaN,NaN,28.02111111,28.26953535
6/26/2016,NaN,0.080400163,27.89711111,28.43068013
6/27/2016,NaN,NaN,27.92311111,28.82290572
6/28/2016,0.158947974,0.096358822,28.12488889,29.06083838
6/29/2016,NaN,NaN,28.92188889,29.00686869
6/30/2016,0.195903685,NaN,28.98311111,28.66587205
7/1/2016,NaN,NaN,28.932,28.36374747
7/2/2016,NaN,0.113405477,28.83977778,28.57541751
7/3/2016,NaN,NaN,28.73755556,28.67
7/4/2016,0.191334627,0.115556691,28.62188889,28.87726936
7/5/2016,0.2016181,0.109560566,28.52544444,28.8479899
7/6/2016,0.222831783,0.08625513,29.58488889,28.80023232
7/7/2016,0.261279529,0.090271453,29.60388889,28.89411448
7/8/2016,NaN,NaN,29.55144444,29.04735017
7/9/2016,0.402299304,0.123168384,29.64311111,29.06243434
7/10/2016,0.2545498,0.102681693,29.74055556,29.04288215
7/11/2016,NaN,0.070551648,29.93611111,29.04439057
7/12/2016,0.471090409,0.088820276,29.919,29.17194949
7/13/2016,NaN,NaN,30.03422222,29.94040741
7/14/2016,0.398516926,NaN,30.07033333,29.85915825
7/15/2016,0.313972321,0.074502626,30.27955556,29.94083838
7/16/2016,0.236245285,0.074972968,30.28777778,30.01236027
7/17/2016,NaN,0.073734873,30.306,29.91518519
7/18/2016,0.245566853,0.073526015,30.29777778,29.74611785
7/19/2016,0.261411946,NaN,30.48288889,29.67105051
7/20/2016,0.3548269,0.08524461,31.009,29.53522559
7/21/2016,0.297822685,0.106331109,30.96711111,29.55130976
7/22/2016,0.240001269,0.065927562,30.12533333,29.60977441
7/23/2016,0.309022875,0.079506313,29.98811111,29.73312121
7/24/2016,NaN,NaN,29.96444444,29.75085522
7/25/2016,0.357265763,0.079257121,30.32933333,29.73218519
7/26/2016,0.257691954,0.083041207,30.42777778,29.83024579
7/27/2016,0.453424966,0.087070155,30.20933333,29.86791582
7/28/2016,0.497191379,0.09052785,30.05277778,30.01925253
7/29/2016,NaN,NaN,30.41066667,29.97309764
7/30/2016,0.560365922,0.08637859,30.44588889,29.87111448
7/31/2016,0.470745148,0.138458172,30.38111111,30.09663636
8/1/2016,0.502101689,0.073404498,30.37277778,30.15012458
8/2/2016,0.387302713,0.093466378,30.32922222,30.2873771
8/3/2016,NaN,NaN,30.302,29.96851852
8/4/2016,0.5160566,NaN,30.35711111,28.91949832
8/5/2016,NaN,NaN,30.37666667,28.7933266
8/6/2016,0.533539467,NaN,30.05888889,28.76310438
8/7/2016,0.406865114,0.106417532,29.68055556,28.82883165
8/8/2016,0.402112397,0.085396197,29.524,29.09918182
8/9/2016,NaN,NaN,29.35966667,29.35510774
8/10/2016,0.379602682,0.092435091,29.32355556,29.36000673
8/11/2016,0.292075859,0.070353479,29.32866667,29.27416498
8/12/2016,0.297072279,0.072868453,29.18855556,29.29566667
8/13/2016,NaN,NaN,29.09544444,29.89991919
8/14/2016,NaN,0.070931956,29.07688889,30.03600673
8/15/2016,0.303702449,0.072127815,30.16077778,30.2119697
8/16/2016,0.22707334,0.068079507,30.27566667,29.95206397
8/17/2016,0.293325534,0.055733074,29.96511111,29.85621886
8/18/2016,0.314674845,0.062216943,29.77611111,29.7940101
8/19/2016,0.320371209,0.084289873,30.04966667,29.79557912
8/20/2016,0.460611271,NaN,30.28555556,29.53516162
8/21/2016,0.271485754,0.111825167,30.28455556,29.47036364
8/22/2016,0.273048483,0.065168215,30.15533333,29.82979125
8/23/2016,0.184767194,0.051178808,30.26155556,30.15284512
8/24/2016,0.197080981,0.056312513,30.028,30.03355219
8/25/2016,NaN,NaN,30.25833333,29.59660606
8/26/2016,0.140901814,0.07971481,30.14311111,29.54049158
8/27/2016,0.133625223,0.073059132,30.078,29.29015825
8/28/2016,0.087748306,0.063654588,30.05711111,29.27438384
8/29/2016,0.15640383,0.059724783,29.734,29.19955556
8/30/2016,NaN,0.064746589,29.04866667,29.11899327
8/31/2016,NaN,NaN,28.95155556,29.10923906
9/1/2016,NaN,NaN,28.95633333,28.96302357
9/2/2016,NaN,NaN,28.83977778,28.56238721
9/3/2016,0.210455954,0.088235412,28.68088889,27.93358923
9/4/2016,0.542826197,0.145651096,28.70988889,27.42320875
9/5/2016,0.25527877,NaN,28.70255556,27.1376835
9/6/2016,0.526239498,0.084662343,28.74411111,27.18811111
9/7/2016,0.351215173,0.081975495,28.945,27.57618182
9/8/2016,0.434991228,0.065329399,28.95822222,28.21440404
9/9/2016,0.329680052,0.088431544,29.14233333,28.75568013
9/10/2016,0.288289247,0.084282319,29.34722222,28.77706061
9/11/2016,0.277234805,0.090582113,29.45844444,28.63519529
9/12/2016,NaN,0.11313366,29.29888889,27.83186532
9/13/2016,NaN,0.092973951,28.87733333,27.68742761
9/14/2016,NaN,NaN,28.87966667,27.74481481
9/15/2016,0.3014832,NaN,28.98433333,27.95209091
9/16/2016,0.342128943,0.100611355,29.09088889,28.29850168
9/17/2016,0.313383384,0.111639257,28.22477778,28.24450168
9/18/2016,0.277231193,0.076847689,28.45788889,28.19604377
9/19/2016,0.272557519,0.170321795,28.51055556,28.22194276
9/20/2016,NaN,0.068230622,28.69644444,28.34099663
9/21/2016,0.26104712,0.080242481,28.86388889,28.78593266
9/22/2016,0.252357925,0.073177847,28.89444444,28.84594949
9/23/2016,0.249024413,0.079569376,28.94211111,28.86726263
9/24/2016,0.236722584,0.059482244,29.35755556,29.12737037
9/25/2016,0.224846802,0.070482846,29.48811111,29.34723232
9/26/2016,0.235354958,0.076195303,29.39633333,29.32547811
9/27/2016,0.148995882,0.092280194,29.534,28.50077104
9/28/2016,0.20102822,0.135977467,29.19422222,27.94152525
9/29/2016,0.230032593,0.092994409,29.30355556,28.04420875
9/30/2016,NaN,0.089294928,29.781,28.19953199
10/1/2016,NaN,NaN,29.64933333,28.64889226
10/2/2016,NaN,0.083769969,29.32566667,28.67743098
10/3/2016,0.272581482,0.154180651,28.83388889,28.55556566
10/4/2016,NaN,NaN,28.66433333,28.22651178
10/5/2016,NaN,0.047527428,28.99066667,28.17038047
10/6/2016,NaN,NaN,28.92033333,28.03801684
10/7/2016,NaN,NaN,28.68033333,28.02668013
10/8/2016,NaN,NaN,28.54311111,27.42908418
10/9/2016,0.620083109,0.28938283,28.53044444,27.15858586
10/10/2016,NaN,NaN,27.84477778,27.12762626
10/11/2016,NaN,0.107912585,27.29544444,27.12591919
10/12/2016,0.17218451,0.161525651,27.64633333,27.59869697
10/13/2016,0.473507349,0.127775766,27.98211111,27.80393266
10/14/2016,NaN,0.071273959,27.93988889,27.75601347
10/15/2016,0.331173644,0.086747949,27.94722222,27.55981145
10/16/2016,0.206495563,0.107747214,28.13855556,26.76210774
10/17/2016,0.291449569,0.107031951,28.22744444,26.8130101
10/18/2016,0.281756286,0.121770137,28.24688889,27.10834007
10/19/2016,0.27585694,0.122911331,28.132,27.16067677
10/20/2016,0.26171107,0.136953203,28.00011111,27.24709091
10/21/2016,0.290622371,0.139091335,27.86533333,27.59152189
10/22/2016,0.341077689,0.101217028,27.79888889,27.67467003
10/23/2016,0.393901237,0.144242237,27.762,27.81682155
10/24/2016,0.347619622,0.156475046,27.73955556,27.82739057
10/25/2016,0.311644688,0.305881754,27.608,27.59361279
10/26/2016,0.369971393,0.151427037,27.45966667,27.4347037
10/27/2016,NaN,0.112564863,27.21288889,27.15991582
10/28/2016,0.334330325,0.106059469,27.09388889,27.06396633
10/29/2016,0.298392922,0.113980108,27.02388889,27.61918519
10/30/2016,0.265139473,0.126255667,27.09844444,27.84480808
10/31/2016,0.188045881,0.092292102,27.36533333,27.86346128
11/1/2016,0.266864921,0.112245653,28.21244444,27.74152189
11/2/2016,0.247127182,0.10149414,28.09733333,26.83549158
11/3/2016,0.219412674,0.126657848,27.21255556,26.50341751
11/4/2016,NaN,NaN,26.89722222,26.44852862
11/5/2016,0.949721895,0.106553938,26.54288889,27.01310101
11/6/2016,0.325677323,0.125027207,26.26755556,26.96553535
11/7/2016,0.231059013,0.105980329,26.86277778,26.88085522
11/8/2016,0.297423956,0.106298677,26.78788889,26.62818182
11/9/2016,NaN,NaN,26.75355556,26.63142761
11/10/2016,0.249062198,NaN,26.67988889,27.02644781
11/11/2016,0.328993123,0.108868867,26.14433333,27.05030303
11/12/2016,NaN,NaN,26.08922222,27.1149596
11/13/2016,NaN,0.141364982,26.08388889,26.95709428
11/14/2016,NaN,0.130095153,26.15144444,26.16064646
11/15/2016,NaN,0.112999677,25.92244444,26.14207071
11/16/2016,0.265527192,0.201463869,25.30766667,26.24383165
11/17/2016,0.29282443,0.156743414,25.59822222,26.75048485
11/18/2016,0.269259296,0.158175471,25.69188889,26.84883502
11/19/2016,0.27007514,0.173247091,25.44477778,26.83251852
11/20/2016,0.286995547,0.175666495,25.28888889,26.47480135
11/21/2016,0.300593857,0.185357405,25.31522222,26.50005724
11/22/2016,0.290413255,0.18005527,25.46077778,26.31541751
11/23/2016,0.280913046,0.170165458,26.286,26.10846465
11/24/2016,0.184771955,0.155258185,25.94366667,26.03751515
11/25/2016,0.235345781,0.107084274,25.765,26.16796633
11/26/2016,NaN,NaN,25.26255556,26.16192593
11/27/2016,0.242463759,0.159852263,24.83966667,25.89970034
11/28/2016,0.181663108,0.146663162,24.80833333,25.45674747
11/29/2016,NaN,0.140908419,25.00877778,25.37846128
11/30/2016,NaN,NaN,25.58377778,25.76758586
12/1/2016,NaN,NaN,26.24033333,26.30265657
12/2/2016,0.380080312,0.172278517,26.40811111,26.5039596
12/3/2016,NaN,NaN,26.92666667,26.58588215
12/4/2016,NaN,0.139619231,26.95233333,26.4949798
12/5/2016,NaN,NaN,27.00022222,25.98248485
12/6/2016,NaN,NaN,26.87911111,26.06645791
12/7/2016,0.438993634,NaN,25.96944444,26.12319529
12/8/2016,NaN,0.156466219,25.49788889,26.05927946
12/9/2016,0.324243586,0.183290647,25.56111111,26.01730303
12/10/2016,0.295184236,0.165407696,25.83677778,26.06690909
12/11/2016,0.231023127,0.157876466,26.437,26.01458923
12/12/2016,0.228711513,NaN,26.80266667,25.67677441
12/13/2016,NaN,0.214403205,26.63866667,25.24869697
12/14/2016,NaN,NaN,25.89022222,24.857633
12/15/2016,0.220043946,0.151557264,25.66988889,24.75179461
12/16/2016,NaN,0.160552486,25.62033333,24.63022559
12/17/2016,NaN,0.15278924,25.54344444,24.42907407
12/18/2016,0.230848683,NaN,25.55666667,24.43933333
12/19/2016,NaN,NaN,25.42088889,25.34129293
12/20/2016,NaN,0.152879158,25.349,25.47776094
12/21/2016,0.295570131,0.185521041,25.61244444,25.55807071
12/22/2016,0.321446613,0.191012377,25.69944444,25.54331987
12/23/2016,0.282127216,0.176689285,26.31944444,25.49159596
12/24/2016,0.202923159,0.175442951,26.36122222,25.47769697
12/25/2016,0.278356345,0.170609844,25.94677778,24.92946128
12/26/2016,NaN,0.168121356,26.696,24.85951515
12/27/2016,0.17119096,0.169724691,26.68244444,24.7146936
12/28/2016,NaN,NaN,26.76655556,24.87425926
12/29/2016,NaN,NaN,26.77888889,24.87405724
12/30/2016,0.381091161,0.173135212,26.68911111,24.69376094
12/31/2016,0.241682639,0.137166742,26.26722222,24.31908081
1/1/2017,NaN,NaN,26.13788889,24.78806061
1/2/2017,NaN,NaN,25.67022222,25.03527609
1/3/2017,0.28170177,NaN,25.61166667,24.99969024
1/4/2017,NaN,NaN,25.62466667,25.27657912
1/5/2017,0.417976296,0.194661269,25.45744444,25.13071717
1/6/2017,NaN,0.198993169,25.60122222,24.75260943
1/7/2017,NaN,NaN,25.518,23.91580808
1/8/2017,0.64451632,NaN,25.12988889,24.12677778
1/9/2017,NaN,0.111239482,25.14,24.10498316
1/10/2017,0.186608722,0.133101724,25.40222222,24.54609428
1/11/2017,0.194946353,0.152993985,25.534,25.0996532
1/12/2017,0.21525611,0.170063031,25.50222222,24.92847475
1/13/2017,0.430046927,0.222563663,26.275,25.00156902
1/14/2017,0.4221204,0.16049898,25.50155556,24.9939596
1/15/2017,NaN,0.26338613,25.206,24.86338384
1/16/2017,0.270623623,0.149815631,25.45766667,24.75439394
1/17/2017,NaN,0.15302702,25.67011111,24.93476768
1/18/2017,0.258382776,0.176816306,25.76722222,25.07089899
1/19/2017,0.676732847,0.33529043,25.922,25.11501684
1/20/2017,0.342654264,0.160836815,25.73811111,24.95808081
1/21/2017,0.209509315,0.14633032,25.40055556,24.69764983
1/22/2017,NaN,NaN,24.78677778,24.03148148
1/23/2017,NaN,0.105371945,24.67544444,24.24874411
1/24/2017,0.371644286,NaN,24.69777778,24.49192256
1/25/2017,0.569355556,0.196144194,26.19911111,24.73387542
1/26/2017,NaN,0.10449294,26.09822222,24.71778114
1/27/2017,NaN,0.287178543,25.88711111,24.75991582
1/28/2017,0.587003884,0.278022666,24.99755556,24.42523569
1/29/2017,0.9897662,NaN,24.84355556,22.94337374
1/30/2017,0.565656657,0.264616386,24.92,22.74047811
1/31/2017,0.592129451,0.203769412,24.18666667,22.943367
2/1/2017,0.49627127,0.200300558,24.61888889,23.49013131
2/2/2017,0.528807008,0.201501396,24.546,23.7643367
2/3/2017,NaN,0.173820943,24.56666667,23.93472054
2/4/2017,NaN,NaN,24.96411111,24.29937037
2/5/2017,0.373073256,0.176614307,25.13811111,24.29105724
2/6/2017,0.470915373,0.172885246,24.91944444,24.33355892
2/7/2017,0.429413203,0.176570536,24.23977778,24.57655219
2/8/2017,NaN,NaN,24.00855556,24.26653535
2/9/2017,0.549999831,0.333456618,24.137,23.84862626
2/10/2017,0.478799495,0.239800172,24.30877778,23.0502963
2/11/2017,0.538772801,0.243043085,24.17611111,22.65784848
2/12/2017,0.50072116,0.210901467,25.24711111,21.90686195
2/13/2017,0.508426568,0.191334582,24.71166667,22.2420404
2/14/2017,0.574489503,0.167522193,25.32433333,22.90561279
2/15/2017,NaN,NaN,25.63844444,24.06546465
2/16/2017,0.405238826,0.130118943,25.29122222,24.36217508
2/17/2017,0.405936564,0.161127785,24.94533333,24.44530976
2/18/2017,0.418065098,0.179338776,25.38444444,24.58140067
2/19/2017,0.256150223,0.105869934,25.54511111,24.68594949
2/20/2017,0.37214886,0.155218267,25.46966667,24.69839394
2/21/2017,NaN,0.15486876,25.51511111,24.60202357
2/22/2017,0.311610399,0.171310748,25.47533333,24.28807407
2/23/2017,NaN,NaN,25.46311111,24.64700337
2/24/2017,0.230879113,0.152276191,24.79855556,24.86470034
2/25/2017,0.299504676,0.163960277,23.87411111,24.8210303
2/26/2017,0.350367943,0.192943866,23.75655556,24.77345118
2/27/2017,0.299391624,0.182560505,23.76188889,24.65507744
2/28/2017,0.248655717,0.246502883,24.379,24.10469024
3/1/2017,NaN,0.160585743,24.68977778,23.83156902
3/2/2017,NaN,NaN,24.53988889,23.80201347
3/3/2017,0.44455933,0.18085363,25.14888889,23.81089226
3/4/2017,0.49750412,0.184687908,25.31288889,23.76428283
3/5/2017,0.409313657,0.160655835,24.18333333,23.55780135
3/6/2017,0.297657137,0.174043023,23.90055556,23.49675084
3/7/2017,0.159943618,0.143180703,24.26333333,23.69478451
3/8/2017,NaN,NaN,25.01977778,24.28986532
3/9/2017,0.364354888,0.168527596,25.06122222,24.21139394
3/10/2017,0.311124402,0.196853032,25.14033333,24.02614815
3/11/2017,0.35779826,0.145931689,25.166,23.91813131
3/12/2017,NaN,NaN,25.112,24.02668013
3/13/2017,NaN,NaN,25.12777778,23.90224916
3/14/2017,NaN,NaN,25.033,23.63174747
3/15/2017,0.481666105,0.205105075,24.982,23.50057239
3/16/2017,0.520949317,0.172404523,25.45633333,23.54553199
3/17/2017,0.562541892,0.181343831,25.549,23.52874411
3/18/2017,0.445437826,0.139606168,25.50833333,23.60654209
3/19/2017,0.514333702,0.10001007,25.37844444,24.08094276
3/20/2017,0.31415736,0.249674716,24.65188889,24.15017172
3/21/2017,0.303681458,0.173343193,23.45477778,24.02153199
3/22/2017,0.452114971,NaN,23.24677778,23.98473737
3/23/2017,NaN,NaN,23.37966667,23.86470707
3/24/2017,0.212209467,0.143245099,23.53,24.12967677
3/25/2017,0.16019828,0.151594947,24.04366667,24.61644781
3/26/2017,0.18553151,0.161948391,24.60377778,25.13015152
3/27/2017,0.218995302,0.140622573,24.09755556,24.99166667
3/28/2017,0.193744784,0.13686883,24.83966667,25.01772727
3/29/2017,0.187481482,0.116377129,24.73233333,25.21171044
3/30/2017,0.23182079,0.142959296,24.98055556,25.21823232
3/31/2017,0.237249005,NaN,24.90222222,24.80417845
4/1/2017,0.266596428,0.158564751,24.90777778,24.71686869
4/2/2017,0.248760453,NaN,25.96066667,24.66116835
4/3/2017,0.209601085,0.132378308,25.79944444,24.57011111
4/4/2017,0.249649441,0.120965041,25.70366667,24.83988215
4/5/2017,0.392278904,0.125834439,25.67388889,24.75655892
4/6/2017,NaN,NaN,25.40566667,23.78159933
4/7/2017,0.269522344,0.139249031,25.18533333,23.37853872
4/8/2017,NaN,0.176085548,25.08777778,23.47326936
4/9/2017,0.453980321,0.154165052,25.38922222,23.51219192
4/10/2017,0.366173465,0.144115209,25.41188889,24.11587542
4/11/2017,0.315536303,0.133327755,25.41844444,24.35590236
4/12/2017,0.155732676,0.125144956,25.49455556,24.43331987
4/13/2017,0.187278786,0.108986712,25.613,24.47537374
4/14/2017,0.200568255,0.093446776,25.04622222,24.80336027
4/15/2017,0.19599867,0.092232878,25.06966667,25.05986869
4/16/2017,0.13882793,0.112734315,25.39488889,25.52877778
4/17/2017,0.207416055,NaN,25.76355556,25.6100202
4/18/2017,0.198524136,0.122253622,25.77611111,25.51712121
4/19/2017,0.115484204,NaN,25.62811111,25.50362626
4/20/2017,0.170691435,0.096902239,25.35655556,25.67962963
4/21/2017,0.188104995,0.102443339,25.263,25.68151515
4/22/2017,NaN,NaN,25.27811111,25.58741414
4/23/2017,0.17173528,0.082974661,25.52022222,25.62343434
4/24/2017,NaN,NaN,25.78133333,25.21672727
4/25/2017,NaN,0.076073952,25.60511111,25.08408754
4/26/2017,NaN,NaN,24.386,25.14272727
4/27/2017,NaN,0.087720039,24.33655556,25.12546465
4/28/2017,0.388476783,NaN,25.00622222,24.99941751
4/29/2017,0.252090921,0.087827886,25.15555556,25.00625253
4/30/2017,0.227178498,0.067635035,25.132,25.13159596
5/1/2017,0.249031885,0.065582026,25.145,25.74911448
5/2/2017,NaN,0.109968842,25.36811111,25.97032323
5/3/2017,0.429088304,0.082526386,26.19444444,26.00018855
5/4/2017,0.312265054,0.0679542,26.12144444,26.01280808
5/5/2017,NaN,NaN,26.10122222,25.95158249
5/6/2017,0.39582815,0.06918866,26.11655556,24.54871717
5/7/2017,0.39582815,0.06918866,26.29166667,24.18631987
5/8/2017,NaN,NaN,25.31466667,24.23184512
5/9/2017,0.334362562,0.082264016,25.54966667,24.32846465
5/10/2017,0.271962114,0.095018673,25.61766667,24.47085185
5/11/2017,NaN,NaN,25.82877778,24.58709091
5/12/2017,NaN,0.07338869,26.11166667,24.83691919
5/13/2017,NaN,NaN,26.28888889,25.27124579
5/14/2017,0.521111196,0.08365186,26.42011111,25.52992256
5/15/2017,0.41294932,0.084123906,26.42222222,25.8637138
5/16/2017,0.371961688,0.066343937,26.27788889,26.41165993
5/17/2017,0.412328082,0.068445574,26.48888889,26.4923367
5/18/2017,NaN,0.074066321,26.70611111,26.45697643
5/19/2017,0.278629248,NaN,26.87444444,26.51042424
5/20/2017,0.209693013,0.076612784,26.90977778,26.67597643
5/21/2017,0.124341955,0.055953619,26.70444444,26.77741077
5/22/2017,0.140763003,0.050491199,26.382,26.8406734
5/23/2017,NaN,0.068638197,26.41855556,26.77759596
5/24/2017,NaN,NaN,27.07533333,26.15776768
5/25/2017,0.555560568,NaN,27.23222222,25.70042761
5/26/2017,0.899161666,0.093157726,27.05022222,25.66296633
5/27/2017,1.002938812,0.07905952,27.357,25.60169024
5/28/2017,0.595207184,0.101752414,27.59255556,25.56775421
5/29/2017,NaN,NaN,27.68244444,25.42973401
5/30/2017,NaN,NaN,26.66177778,25.70371044
5/31/2017,NaN,NaN,26.50222222,25.97484848
6/1/2017,NaN,0.072308561,26.641,27.05536027
6/2/2017,0.517410389,0.150775497,26.55988889,27.0176532
6/3/2017,NaN,0.084222328,27.59833333,27.24366667
6/4/2017,NaN,NaN,27.55555556,27.68489226
6/5/2017,0.344336842,NaN,27.93722222,27.98724579
6/6/2017,NaN,NaN,27.96688889,28.074
6/7/2017,NaN,NaN,27.80944444,27.00280135
6/8/2017,NaN,NaN,27.67722222,26.90056229
6/9/2017,NaN,NaN,27.57177778,27.00604714
6/10/2017,0.226828045,0.06780909,27.04811111,27.10378788
6/11/2017,0.226828045,0.06780909,27.23622222,27.30180135
6/12/2017,0.102143304,0.060024081,27.36544444,27.10876094
6/13/2017,NaN,0.06204728,27.37811111,27.23182155
6/14/2017,NaN,NaN,27.35622222,27.44607407
6/15/2017,0.188471311,0.086341148,27.86011111,27.85346128
6/16/2017,0.247579901,0.077665051,27.77766667,27.9286431
6/17/2017,0.521354172,0.062378234,27.72211111,27.7947037
6/18/2017,0.301875178,0.061189459,28.25433333,27.34400673
6/19/2017,NaN,0.068444185,28.85655556,27.22737037
6/20/2017,NaN,NaN,28.58955556,27.20941414
6/21/2017,NaN,NaN,27.852,27.3406633
6/22/2017,0.58023279,NaN,27.89066667,27.46764983
6/23/2017,0.279610375,0.066689404,28.02388889,27.2466936
6/24/2017,0.571782066,0.100722882,27.94755556,27.24453199
6/25/2017,NaN,NaN,28.88177778,27.43725589
6/26/2017,NaN,NaN,29.07944444,27.77393266
6/27/2017,NaN,NaN,29.04944444,28.12776094
6/28/2017,0.09086765,0.061556304,28.84711111,28.20608081
6/29/2017,0.256672141,0.067469006,28.76911111,28.39091919
6/30/2017,NaN,NaN,29.01088889,28.72012121
7/1/2017,NaN,NaN,28.99155556,28.71914141
7/2/2017,0.232101955,0.075968644,28.56144444,28.51484848
7/3/2017,NaN,NaN,28.63088889,28.30951515
7/4/2017,NaN,0.048831975,29.061,27.94722222
7/5/2017,NaN,0.087814935,28.92633333,27.93879798
7/6/2017,NaN,NaN,28.319,28.1097037
7/7/2017,0.36952914,0.086497826,28.36622222,28.05121549
7/8/2017,0.372866453,0.07222176,29.02688889,28.18322222
7/9/2017,NaN,NaN,29.09255556,28.31905724
7/10/2017,0.545477118,0.059141792,29.20577778,28.44785859
7/11/2017,NaN,NaN,29.35666667,28.57638384
7/12/2017,0.339259262,0.064185472,29.24088889,28.92113805
7/13/2017,0.523730323,0.069244441,29.65655556,29.18229966
7/14/2017,0.218031872,0.046266912,29.63988889,29.25092593
7/15/2017,0.208237479,0.052800275,29.514,29.4022963
7/16/2017,NaN,NaN,29.76777778,29.42939394
7/17/2017,0.081435073,0.056866313,29.73011111,29.49565993
7/18/2017,NaN,NaN,29.70566667,29.31628283
7/19/2017,0.251146153,0.063884568,29.68822222,29.50949495
7/20/2017,0.167542894,0.062796413,28.889,29.78889899
7/21/2017,NaN,0.067916798,28.69844444,29.78770034
7/22/2017,NaN,NaN,28.89688889,29.76140404
7/23/2017,0.258006306,0.059499805,29.40588889,29.87947811
7/24/2017,NaN,0.063591994,29.65688889,29.85147138
7/25/2017,0.413336503,0.08704572,29.70844444,29.16465993
7/26/2017,NaN,NaN,29.77366667,28.48588889
7/27/2017,0.233901933,NaN,29.61744444,28.47275758
7/28/2017,NaN,0.09479091,29.44255556,28.43282492
7/29/2017,NaN,NaN,29.41577778,28.47694613
7/30/2017,0.437945283,0.187238375,29.33477778,28.27012121
7/31/2017,0.209071246,0.096857403,29.24466667,27.52854882
8/1/2017,NaN,NaN,29.14333333,27.34516835
8/2/2017,0.182620099,0.111444367,28.95766667,27.45421212
8/3/2017,NaN,NaN,29.07233333,27.60601684
8/4/2017,0.205779052,0.097086373,29.18022222,27.95858586
8/5/2017,0.251054286,0.206195822,29.16355556,27.63146801
8/6/2017,NaN,0.156444488,29.02233333,27.59986869
8/7/2017,NaN,NaN,28.99277778,27.63620202
8/8/2017,NaN,NaN,29.06066667,27.69246801
8/9/2017,NaN,NaN,29.62555556,27.9259899
8/10/2017,NaN,0.072773356,29.70533333,28.24543098
8/11/2017,0.30312397,NaN,29.77244444,28.2356633
8/12/2017,NaN,NaN,29.67733333,28.2787138
8/13/2017,0.195129289,0.073700094,29.59166667,28.96813131
8/14/2017,0.155077742,0.061217251,29.27333333,29.2122963
8/15/2017,0.198922018,0.071174017,28.97044444,29.46219192
8/16/2017,0.218950414,0.072984983,29.41977778,29.7697037
8/17/2017,NaN,0.082716108,29.65922222,29.91377778
8/18/2017,0.25174814,0.110262411,29.811,29.8713266
8/19/2017,0.168462322,0.059509425,29.76866667,29.71712121
8/20/2017,0.196383414,0.066179817,29.99922222,29.78262963
8/21/2017,NaN,NaN,30.25022222,29.89828283
8/22/2017,0.294609103,0.067827979,30.17766667,30.25952525
8/23/2017,NaN,NaN,29.93822222,30.28971717
8/24/2017,NaN,NaN,29.91433333,30.35647475
8/25/2017,0.161376342,0.062708056,30.37888889,30.12257912
8/26/2017,0.188309355,0.056000319,30.87166667,29.48933333
8/27/2017,NaN,NaN,30.818,29.40452189
8/28/2017,NaN,NaN,30.05,29.13392256
8/29/2017,NaN,NaN,29.64222222,29.18607744
8/30/2017,NaN,0.067212836,29.59988889,29.0963266
8/31/2017,0.216511306,0.056644216,29.29433333,28.94928283
9/1/2017,0.193844242,0.105874361,29.23466667,28.83142088
9/2/2017,0.16680813,0.069583744,29.20488889,28.89828956
9/3/2017,0.19738121,0.091879859,29.37666667,28.7236431
9/4/2017,0.183242908,0.089098534,29.42033333,28.37824579
9/5/2017,0.25681466,NaN,29.38566667,28.4430101
9/6/2017,0.19232439,0.077531968,29.24833333,28.69792593
9/7/2017,NaN,0.072984521,29.32966667,28.93282155
9/8/2017,0.307614164,NaN,29.37422222,28.85817172
9/9/2017,NaN,NaN,29.074,27.99905724
9/10/2017,NaN,NaN,29.67033333,27.64858586
9/11/2017,NaN,NaN,28.20666667,27.94161953
9/12/2017,0.210926304,0.080913647,27.61844444,28.07458586
9/13/2017,0.233133338,0.086012217,28.20166667,28.24286532
9/14/2017,0.224948266,0.076251413,28.24644444,28.65298653
9/15/2017,0.207835187,0.064884614,28.40766667,28.768367
9/16/2017,0.195231772,0.055759079,28.97077778,28.7483569
9/17/2017,0.152449863,0.059822936,29.13733333,28.67894613
9/18/2017,0.124354655,0.064454009,29.34822222,27.84537037
9/19/2017,0.269796687,0.069565962,28.88655556,27.54607744
9/20/2017,0.256997089,0.096025551,28.60433333,28.09618855
9/21/2017,0.232152811,0.068464826,28.84722222,28.51172391
9/22/2017,0.211796011,0.06533588,28.951,28.76429293
9/23/2017,0.225975246,0.06186433,29.07722222,28.78515488
9/24/2017,NaN,NaN,29.168,28.6930303
9/25/2017,NaN,NaN,29.20733333,28.65497306
9/26/2017,0.289008024,NaN,28.96177778,27.802367
9/27/2017,0.380558458,0.092130143,28.57566667,27.83604377
9/28/2017,0.260815755,0.084724479,28.82677778,28.07769697
9/29/2017,NaN,NaN,28.73,28.30292593
9/30/2017,0.568475845,0.176886879,28.83844444,28.30017172
10/1/2017,NaN,0.095198658,29.19166667,28.30975421
10/2/2017,0.146613868,0.134197527,29.27611111,28.01037037
10/3/2017,0.250378727,0.140537001,28.68344444,27.66319192
10/4/2017,0.207770616,0.124875362,28.29822222,27.42980471
10/5/2017,0.346063431,0.118029997,28.32555556,27.39285185
10/6/2017,0.466745657,0.092970707,27.91677778,27.34258923
10/7/2017,0.288335383,0.088666715,27.85688889,27.39881145
10/8/2017,0.250970791,0.106567203,26.53977778,27.45279125
10/9/2017,0.204512833,0.101874612,26.06277778,27.4840202
10/10/2017,0.229682131,0.099691835,26.32366667,27.54552862
10/11/2017,0.238531161,0.104056805,27.00211111,27.66200337
10/12/2017,0.19256876,0.075025202,27.84655556,27.52115152
10/13/2017,0.261345551,0.074231557,28.04033333,27.31346128
10/14/2017,0.161683223,0.066791317,28.63533333,27.63702694
10/15/2017,0.263562743,0.09032514,28.50111111,27.64319865
10/16/2017,0.245446253,0.07517801,28.56522222,27.6699596
10/17/2017,NaN,NaN,28.594,27.7537037
10/18/2017,0.398158781,0.100007135,28.65333333,27.73485185
10/19/2017,0.302058127,0.101297761,28.62833333,27.6653569
10/20/2017,0.259114433,0.110795272,28.03755556,27.55616498
10/21/2017,0.265823009,0.094329046,26.88755556,27.58605387
10/22/2017,0.259108894,0.110578859,28.20133333,27.45168013
10/23/2017,NaN,NaN,28.28211111,27.40917508
10/24/2017,0.241807325,0.155855323,27.84122222,27.44913805
10/25/2017,0.280274104,0.179513973,27.61655556,27.35992256
10/26/2017,0.286601321,0.134894754,27.677,27.51977441
10/27/2017,0.246169113,0.155869957,28.02766667,27.5652963
10/28/2017,0.228145146,0.120728017,27.97444444,27.42032997
10/29/2017,NaN,0.099245535,27.96977778,26.68725589
10/30/2017,0.360869602,0.145507346,28.041,26.55834007
10/31/2017,0.310356852,0.1312493,27.89366667,26.49592593
11/1/2017,0.213317639,0.122815546,27.99277778,26.72562963
11/2/2017,0.235584454,0.084473154,27.89788889,27.10433333
11/3/2017,0.227378513,0.135339359,27.76266667,27.50598653
11/4/2017,0.910028351,0.244685609,27.08633333,27.39190909
11/5/2017,0.205168114,0.095664021,27.29377778,27.10768687
11/6/2017,0.192605916,0.125249104,27.33588889,27.11319865
11/7/2017,0.231624236,0.092400135,27.12477778,27.15440741
11/8/2017,NaN,NaN,26.67055556,27.1016835
11/9/2017,NaN,NaN,26.62055556,26.69617172
11/10/2017,0.427022036,0.076559998,26.69866667,26.13359933
11/11/2017,NaN,0.103061602,26.821,25.73286869
11/12/2017,0.49037408,0.080839006,26.14133333,25.51779461
11/13/2017,NaN,NaN,25.36988889,25.55922896
11/14/2017,NaN,0.070392155,25.31177778,25.55577778
11/15/2017,0.346609431,0.078022634,25.42822222,25.22150505
11/16/2017,0.301337385,0.181345318,25.81833333,25.18130976
11/17/2017,0.251813978,0.152283145,25.72777778,25.17947138
11/18/2017,NaN,0.153827948,25.71022222,25.16562963
11/19/2017,0.343150349,0.196158268,25.73333333,25.16858923
11/20/2017,0.290916839,0.135585232,25.87666667,25.43089562
11/21/2017,NaN,NaN,25.79711111,25.46579798
11/22/2017,0.304171676,0.11321218,26.38355556,25.49697306
11/23/2017,NaN,0.099553918,25.09155556,25.4556835
11/24/2017,NaN,NaN,25.142,25.10938047
11/25/2017,0.277712458,0.20541404,25.23433333,25.56314141
11/26/2017,0.255797371,0.146712573,25.13433333,25.54623906
11/27/2017,0.286309052,0.132105378,25.05633333,25.63416498
11/28/2017,0.255642601,0.125154877,25.31044444,25.86001347
11/29/2017,0.285162604,0.127117299,25.38622222,26.17601347
11/30/2017,0.257098304,0.199818815,25.44622222,26.05445455
12/1/2017,0.201640064,0.096369175,25.484,26.07468013
12/2/2017,NaN,NaN,26.061,26.11330976
12/3/2017,0.18118125,0.108348396,25.53122222,26.22557239
12/4/2017,NaN,0.113319812,24.47466667,26.30452189
12/5/2017,0.251288598,0.088710096,25.29422222,26.24343434
12/6/2017,NaN,NaN,26.04977778,26.27044108
12/7/2017,NaN,NaN,26.02577778,26.21072391
12/8/2017,NaN,NaN,26.06722222,24.06283165
12/9/2017,NaN,NaN,25.29766667,24.53707071
12/10/2017,0.373505685,0.181747825,24.72344444,24.66586195
12/11/2017,0.305507213,0.163675998,24.68744444,24.68083502
12/12/2017,0.415608112,0.142865826,24.46411111,24.59175084
12/13/2017,0.460844322,0.165573125,24.17166667,24.62711785
12/14/2017,0.584242117,0.174083361,24.14688889,24.53630303
12/15/2017,1.531234858,NaN,24.99377778,24.55282492
12/16/2017,0.287150716,0.163207236,25.50566667,24.72070707
12/17/2017,0.598420404,0.887800414,25.54044444,24.75573401
12/18/2017,0.256962799,0.160251941,25.84733333,24.8103165
12/19/2017,0.335552351,0.17816986,25.96833333,24.53393939
12/20/2017,NaN,NaN,25.61355556,24.38505724
12/21/2017,0.283339587,0.089091225,25.19855556,24.50908754
12/22/2017,0.250467517,NaN,25.36966667,24.06909428
12/23/2017,NaN,0.115939475,25.40522222,24.04694949
12/24/2017,NaN,1.102888834,25.06644444,24.08811448
12/25/2017,0.393091153,0.25224282,25.10577778,24.10192593
12/26/2017,0.593243474,NaN,25.13655556,24.10914141
12/27/2017,NaN,NaN,25.00488889,24.04946465
12/28/2017,NaN,NaN,26.12033333,24.27334343
12/29/2017,NaN,NaN,26.04922222,24.42626599
12/30/2017,0.29120121,0.113361377,25.052,24.50846801
12/31/2017,NaN,NaN,24.34111111,24.50133333
1/1/2018,NaN,NaN,24.30211111,24.11919865
1/2/2018,NaN,0.085357224,23.89577778,22.40105051
1/3/2018,NaN,NaN,23.93111111,21.69568013
1/4/2018,0.535645234,NaN,23.69633333,21.82340404
1/5/2018,0.232772857,0.112485934,23.66944444,22.05385185
1/6/2018,0.404621678,NaN,23.61888889,22.55362963
1/7/2018,NaN,0.0703425,23.77011111,22.6493367
1/8/2018,0.266283279,NaN,23.82066667,22.419633
1/9/2018,0.322201738,0.131324535,23.78377778,22.39651178
1/10/2018,0.226828174,0.460071103,23.88655556,22.4602862
1/11/2018,NaN,NaN,23.53611111,22.93531313
1/12/2018,NaN,0.114684318,23.81755556,23.00244108
1/13/2018,0.249958485,0.116248303,23.88788889,22.92307744
1/14/2018,NaN,NaN,23.77655556,22.81118519
1/15/2018,1.35042388,0.13878326,23.56655556,22.47357239
1/16/2018,0.31695135,0.099318052,23.36488889,22.43715152
1/17/2018,0.350146106,NaN,23.12933333,22.69724916
1/18/2018,0.367176995,0.177901205,23.07666667,22.67775084
1/19/2018,0.34712039,0.130268548,24.17422222,22.56375084
1/20/2018,0.335404106,0.144226607,24.13733333,22.68648148
1/21/2018,NaN,NaN,24.29566667,23.44714815
1/22/2018,NaN,0.107483346,24.56744444,23.50786195
1/23/2018,NaN,NaN,24.49488889,23.49941414
1/24/2018,0.436144497,0.192132253,24.50877778,23.32946128
1/25/2018,0.482316372,0.192461031,24.46911111,23.0486734
1/26/2018,0.410260377,0.080932885,24.20766667,22.9603165
1/27/2018,NaN,NaN,23.63711111,23.0232862
1/28/2018,0.3764019,0.126359858,23.26555556,22.87694949
1/29/2018,NaN,NaN,22.89455556,22.80551852
1/30/2018,0.450910385,0.109835232,22.33522222,22.72845118
1/31/2018,0.461225212,0.218567376,21.44277778,22.58038721
2/1/2018,0.565769912,0.124153695,21.51888889,22.78715825
2/2/2018,NaN,NaN,22.16277778,23.06922222
2/3/2018,0.443892479,0.118807929,23.784,23.08619529
2/4/2018,NaN,0.116920724,23.92166667,23.08774411
2/5/2018,0.475017294,0.20737765,24.01088889,22.68636027
2/6/2018,0.402109131,0.156786826,23.86911111,22.65822896
2/7/2018,0.525276039,0.130345666,22.98288889,22.5599697
2/8/2018,NaN,NaN,22.942,22.40639731
2/9/2018,NaN,0.130663386,22.94433333,22.35920875
2/10/2018,0.384012133,0.145436054,23.06455556,21.84139731
2/11/2018,NaN,NaN,23.48111111,21.83667677
2/12/2018,NaN,NaN,23.74244444,23.10653535
2/13/2018,NaN,NaN,23.614,23.10368687
2/14/2018,0.413609698,0.127576075,23.75766667,23.03266667
2/15/2018,0.421339211,0.117778578,24.12166667,22.91958249
2/16/2018,0.409497111,0.158675945,24.08788889,22.89804377
2/17/2018,NaN,NaN,24.26133333,23.1952862
2/18/2018,0.23842822,0.103454236,24.19166667,23.36113131
2/19/2018,0.325864095,0.119429278,24.13211111,23.34773064
2/20/2018,NaN,NaN,24.282,23.43323906
2/21/2018,0.261425771,0.096408686,24.47011111,24.03793266
2/22/2018,0.121532799,0.070717215,24.69188889,24.62356902
2/23/2018,0.112790159,0.042507962,24.755,24.93703704
2/24/2018,0.284047658,0.130632817,24.98966667,24.81935354
2/25/2018,0.41300287,0.14493362,25.17488889,24.6300202
2/26/2018,NaN,NaN,25.13322222,24.25200337
2/27/2018,0.298033406,0.122318286,25.26588889,23.80901684
2/28/2018,NaN,NaN,25.30433333,23.16005387
3/1/2018,0.294646482,0.133769726,25.13211111,23.56644781
3/2/2018,0.42617656,0.162891899,24.88277778,23.79929966
3/3/2018,0.458729173,0.158743081,24.58,23.92079461
3/4/2018,2.011983,NaN,24.74766667,23.95215488
3/5/2018,0.327858274,0.152913114,24.78444444,23.82923569
3/6/2018,NaN,0.154861668,24.92711111,23.62945791
3/7/2018,0.510182229,0.189293106,24.803,23.61463636
3/8/2018,0.147438706,0.133081941,23.91155556,23.44212458
3/9/2018,0.324358917,0.142021984,24.14433333,23.43315488
3/10/2018,0.190314177,0.152416786,24.40911111,23.64361616
3/11/2018,0.249738477,NaN,24.64433333,23.79216162
3/12/2018,0.166506424,0.13680939,24.68577778,23.08168013
3/13/2018,0.361154148,0.203040197,24.465,21.61754209
3/14/2018,0.216428646,NaN,24.19233333,21.21183165
3/15/2018,0.293054057,0.172077797,23.55333333,21.16252862
3/16/2018,0.373267599,0.199517839,22.75088889,21.33229293
3/17/2018,0.216956802,0.178434895,22.76955556,21.95485859
3/18/2018,0.53634393,0.162600126,22.93688889,22.0476431
3/19/2018,0.299147053,NaN,23.93966667,22.54590909
3/20/2018,NaN,0.191880309,24.33377778,23.32630976
3/21/2018,NaN,NaN,24.16166667,22.85099327
3/22/2018,0.349378299,NaN,24.24911111,22.49039731
3/23/2018,0.468922193,0.168319279,24.56977778,22.62184512
3/24/2018,NaN,0.177102537,24.70144444,22.81719192
3/25/2018,NaN,0.137279749,24.47133333,22.94640404
3/26/2018,NaN,0.135107675,24.73922222,23.24861279
3/27/2018,NaN,0.144484811,24.55644444,23.74024916
3/28/2018,0.342316118,0.202889209,24.39322222,23.84781145
3/29/2018,NaN,0.22216316,24.42966667,23.74632323
3/30/2018,0.250431316,0.153350472,23.98011111,23.83455219
3/31/2018,NaN,NaN,24.03488889,23.67725253
4/1/2018,0.31275193,0.116894576,24.13388889,23.73826263
4/2/2018,0.380874786,0.151092518,24.737,23.74452525
4/3/2018,0.306253913,0.142467281,24.88277778,23.72707744
4/4/2018,0.264267625,NaN,24.85266667,23.25088889
4/5/2018,0.425107802,0.209498758,24.95355556,22.72044781
4/6/2018,0.226434336,0.144030245,24.28722222,22.18147138
4/7/2018,NaN,0.162765064,24.20477778,21.77292256
4/8/2018,NaN,NaN,24.11933333,21.581367
4/9/2018,NaN,NaN,23.67577778,21.50206061
4/10/2018,NaN,NaN,22.92677778,21.862
4/11/2018,0.38376655,0.09853653,23.07766667,23.09488889
4/12/2018,0.456277269,0.140030961,23.67744444,22.82691919
4/13/2018,0.313703548,0.131491436,24.49355556,23.24507407
4/14/2018,NaN,0.130443615,24.60122222,23.70289226
4/15/2018,0.26658753,NaN,24.609,23.79790236
4/16/2018,1.913471145,0.149599144,24.66955556,23.68703704
4/17/2018,0.629067915,0.131904603,24.61788889,24.02914815
4/18/2018,0.575692812,0.188279965,24.63877778,24.13707071
4/19/2018,0.36386946,0.265230038,24.72533333,23.97642424
4/20/2018,1.4028837,NaN,24.79944444,23.4933771
4/21/2018,0.5804118,0.169878263,25.22311111,24.16218855
4/22/2018,NaN,0.11175257,25.36533333,24.56441751
4/23/2018,NaN,NaN,25.33011111,24.63646128
4/24/2018,0.240014207,0.128950269,25.29355556,24.56664646
4/25/2018,NaN,NaN,25.40655556,24.49288889
4/26/2018,0.132452438,0.123440039,25.61344444,24.46371044
4/27/2018,0.250725291,0.119748382,25.68622222,24.84442761
4/28/2018,0.220694813,0.094189653,25.84833333,25.48228283
4/29/2018,0.392102461,0.110109295,25.65633333,25.74044108
4/30/2018,NaN,0.101347577,25.74022222,25.68149158
5/1/2018,0.189006354,0.090477273,25.862,25.59385522
5/2/2018,0.17455434,0.089614346,25.82688889,25.64992929
5/3/2018,0.168643333,0.078524958,25.58588889,25.62552525
5/4/2018,0.156189139,0.078459696,25.44055556,25.67371717
5/5/2018,0.15694394,0.090792612,25.809,25.28592593
5/6/2018,NaN,NaN,26.24833333,24.65191582
5/7/2018,0.34660519,0.110321359,26.41877778,24.53448485
5/8/2018,NaN,0.093883348,26.45133333,24.44544108
5/9/2018,0.104102349,0.066061952,26.38966667,24.71615825
5/10/2018,0.173337538,0.081178432,25.70844444,25.87495623
5/11/2018,NaN,NaN,26.23977778,26.16680471
5/12/2018,0.171457612,0.083381711,26.57855556,26.33428283
5/13/2018,0.111580274,0.078052279,26.38411111,26.29646801
5/14/2018,0.18598676,0.067695361,26.38955556,26.02969697
5/15/2018,0.168694799,0.068259625,26.51544444,26.59404377
5/16/2018,NaN,NaN,26.61044444,26.47149158
5/17/2018,NaN,NaN,26.43544444,25.95094276
5/18/2018,NaN,NaN,26.68233333,25.41589899
5/19/2018,NaN,0.073013246,26.49633333,25.33676431
5/20/2018,0.559471973,0.061068051,26.39233333,25.36791919
5/21/2018,NaN,0.059317133,26.44311111,25.63348485
5/22/2018,NaN,NaN,26.32222222,25.79198653
5/23/2018,0.374016781,0.062176297,26.397,25.80846801
5/24/2018,0.149345581,0.059314383,26.56822222,26.10681818
5/25/2018,0.203268678,0.053088871,27.14266667,26.50851178
5/26/2018,0.225961648,0.062464539,27.21144444,26.67449158
5/27/2018,NaN,NaN,26.86766667,26.62996633
5/28/2018,NaN,NaN,26.76744444,26.992367
5/29/2018,NaN,NaN,26.67466667,27.3559596
5/30/2018,NaN,NaN,27.00544444,26.43875758
5/31/2018,0.285542125,0.059747723,27.21466667,26.77128283
6/1/2018,NaN,NaN,27.35277778,26.97824916
6/2/2018,0.239663496,NaN,27.38666667,26.90276768
6/3/2018,0.258984591,0.065195558,27.37944444,26.65194276
6/4/2018,0.25586147,0.120183312,27.47044444,26.81177778
6/5/2018,0.157701227,NaN,27.53666667,27.18347475
6/6/2018,0.15839583,0.073819853,27.67,27.4670101
6/7/2018,0.227310666,NaN,27.66977778,27.36407071
6/8/2018,0.214301356,0.068945717,27.65511111,27.23085185
6/9/2018,NaN,NaN,27.39877778,27.16826936
6/10/2018,0.39453244,0.053533328,27.396,27.48891919
6/11/2018,0.216687627,0.077392413,27.75755556,27.73091919
6/12/2018,NaN,NaN,27.85833333,27.41784512
6/13/2018,0.21436778,0.074942201,27.99866667,27.43766667
6/14/2018,0.177856832,0.065455876,28.67166667,27.74839731
6/15/2018,0.201720416,0.065493969,28.807,28.14382155
6/16/2018,0.229634503,0.074732301,28.73488889,28.44262963
6/17/2018,NaN,NaN,28.39222222,28.24605387
6/18/2018,NaN,NaN,28.34677778,28.02123232
6/19/2018,0.240108016,0.110125679,28.31922222,27.89122896
6/20/2018,0.30159335,0.063155656,29.047,27.90417508
6/21/2018,0.309303214,0.06363051,29.07344444,28.32377441
6/22/2018,NaN,0.079358783,28.50011111,28.50054209
6/23/2018,NaN,NaN,28.80955556,28.40147138
6/24/2018,0.377598668,0.093417945,29.90566667,28.33208418
6/25/2018,0.445510303,0.06816556,29.74344444,28.35038384
6/26/2018,0.293125925,0.098579677,29.58088889,28.66008754
6/27/2018,0.308548955,0.077621602,29.51055556,29.25817508
6/28/2018,NaN,NaN,29.20577778,29.22889562
6/29/2018,NaN,NaN,28.864,29.16024579
6/30/2018,0.207618783,0.120287948,28.73511111,29.04714141
7/1/2018,0.281704481,0.061392687,28.57411111,28.98820202
7/2/2018,0.304714778,0.086325872,28.56688889,29.47365993
7/3/2018,NaN,NaN,29.33011111,29.57641414
7/4/2018,0.255315421,0.066487962,30.07655556,29.25864646
7/5/2018,0.166330147,0.070167456,30.02955556,28.9627037
7/6/2018,0.297862346,0.106233305,29.76677778,29.00033333
7/7/2018,NaN,NaN,29.55322222,29.12156902
7/8/2018,NaN,NaN,29.34022222,29.17779798
7/9/2018,NaN,NaN,29.22033333,28.6370101
7/10/2018,0.254601608,0.068254145,29.10477778,28.60584175
7/11/2018,0.171393555,0.069489185,28.27222222,28.569633
7/12/2018,0.16883165,0.059048801,28.09966667,28.43191246
7/13/2018,NaN,NaN,28.04333333,28.65675084
7/14/2018,NaN,NaN,28.30444444,28.95836027
7/15/2018,0.280206999,0.074190805,28.546,29.34265993
7/16/2018,NaN,0.081469609,28.97811111,29.44952525
7/17/2018,NaN,NaN,29.101,29.31288552
7/18/2018,0.222103368,NaN,29.017,28.9709899
7/19/2018,NaN,NaN,28.983,28.46508754
7/20/2018,NaN,NaN,29.32222222,28.90923232
7/21/2018,NaN,NaN,29.08433333,28.96474747
7/22/2018,0.207407355,0.070507794,28.40533333,28.99276094
7/23/2018,0.236565243,0.0983867,28.47733333,28.89298316
7/24/2018,NaN,NaN,28.51922222,28.63990909
7/25/2018,NaN,NaN,28.712,28.30389899
7/26/2018,NaN,NaN,28.58822222,28.29695286
7/27/2018,0.18270564,0.08337278,28.43233333,28.49153535
7/28/2018,0.219176966,NaN,28.23733333,28.2346734
7/29/2018,NaN,0.090839495,28.28355556,28.08213468
7/30/2018,NaN,NaN,28.21088889,28.2293064
7/31/2018,0.339779136,0.088838041,28.29366667,28.28583502
8/1/2018,0.1707942,0.081965948,28.31777778,28.26048822
8/2/2018,0.223485155,0.059983459,28.47822222,28.35490572
8/3/2018,NaN,0.066567033,29.05633333,28.8569899
8/4/2018,NaN,0.066407293,29.08677778,28.89377441
8/5/2018,0.233016457,0.073039405,29.268,28.9727138
8/6/2018,0.314151349,0.079736149,29.534,29.09188889
8/7/2018,0.478218801,0.0848942,29.65277778,29.15643098
8/8/2018,NaN,0.091084826,29.55377778,29.14782828
8/9/2018,NaN,0.140228611,29.56088889,29.10714141
8/10/2018,0.517408486,0.24756319,29.06566667,29.0662963
8/11/2018,0.580468266,0.065906653,29.005,29.3693771
8/12/2018,0.466155881,0.086446653,29.70788889,29.52269697
8/13/2018,NaN,0.055610482,30.10977778,28.95518519
8/14/2018,0.864583141,0.07456886,30.00022222,28.57538384
8/15/2018,NaN,NaN,29.18711111,28.69120539
8/16/2018,0.599919973,0.059011425,29.05055556,29.02643434
8/17/2018,0.252679532,0.067937309,29.42644444,29.26085185
8/18/2018,0.385707227,0.076691093,29.62366667,29.28692593
8/19/2018,0.69482125,0.05588679,29.75977778,29.33280135
8/20/2018,NaN,0.08279293,29.74066667,29.21501347
8/21/2018,0.417949705,0.088542876,29.82477778,29.18248822
8/22/2018,0.60454972,0.14740027,29.60511111,28.76144444
8/23/2018,NaN,0.048964057,29.12833333,28.65667677
8/24/2018,NaN,0.101491367,29.51388889,28.59607744
8/25/2018,0.376023876,0.082740242,29.574,28.94522559
8/26/2018,NaN,0.059665909,29.15333333,29.31077104
8/27/2018,0.234680344,0.071522569,29.315,29.2040202
8/28/2018,0.227905089,0.076209458,29.49866667,29.33068013
8/29/2018,0.249764387,0.069116487,29.40033333,29.41993939
8/30/2018,0.247596329,0.063262532,29.35344444,29.22156229
8/31/2018,0.265238049,0.07312559,29.34055556,29.40696296
9/1/2018,0.264752529,0.064903706,29.38644444,29.46744108
9/2/2018,0.180520134,0.064635809,29.69077778,29.45612121
9/3/2018,0.256866845,0.060659603,29.76211111,29.28752862
9/4/2018,0.191375617,0.060914535,29.779,28.8903165
9/5/2018,NaN,0.066790539,29.92833333,28.7893468
9/6/2018,0.244124333,0.086479608,29.29322222,28.90480808
9/7/2018,0.194899505,0.075435772,29.10977778,28.79125253
9/8/2018,0.289121489,0.050634168,29.07388889,28.69645791
9/9/2018,0.212219389,0.053597495,29.13233333,28.65374074
9/10/2018,0.200252633,0.061019791,29.18544444,28.93009091
9/11/2018,0.297521153,0.069010352,29.24688889,29.10931313
9/12/2018,NaN,0.068901029,29.41077778,29.18610101
9/13/2018,NaN,NaN,29.45622222,29.1939596
9/14/2018,NaN,NaN,29.51566667,29.27043771
9/15/2018,NaN,NaN,29.473,27.94356902
9/16/2018,NaN,0.166756175,29.40388889,27.77974747
9/17/2018,NaN,0.112386739,28.26322222,27.75393939
9/18/2018,NaN,0.097783435,28.11488889,27.74100673
9/19/2018,0.694185385,0.107844961,28.897,27.97050168
9/20/2018,0.395008024,0.095510129,29.09344444,28.09198653
9/21/2018,0.284304949,0.073574522,29.443,28.30897306
9/22/2018,0.423483547,0.072085465,29.64588889,28.54098316
9/23/2018,0.366365241,0.083558709,29.15022222,28.9913367
9/24/2018,0.100765739,0.055329174,29.29611111,28.63993939
9/25/2018,0.197283858,0.16382858,29.354,28.50555219
9/26/2018,0.39188549,0.069170206,29.19044444,28.6216835
9/27/2018,0.239313754,0.078084658,29.07255556,29.14991582
9/28/2018,NaN,0.06910253,29.07233333,29.43540404
9/29/2018,NaN,0.076704065,29.20911111,29.24770034
9/30/2018,0.179917119,0.098162818,29.21911111,29.11150842
10/1/2018,0.175202362,0.085383789,28.99622222,29.09590909
10/2/2018,0.176534235,0.087499783,28.99077778,28.84494949
10/3/2018,0.250307607,0.08930526,28.96655556,28.56460606
10/4/2018,0.284089104,0.088198591,28.87044444,28.23445455
10/5/2018,0.405418979,0.095638014,28.74122222,28.28696633
10/6/2018,0.371430275,0.082513665,28.82533333,28.42140404
10/7/2018,0.556192221,0.081832268,28.85144444,28.21127273
10/8/2018,0.259206278,0.079686623,28.84277778,28.42687542
10/9/2018,NaN,0.069110768,28.88722222,28.77300673
10/10/2018,0.577358145,0.079555509,29.10577778,28.72525253
10/11/2018,NaN,NaN,29.17966667,27.5949697
10/12/2018,0.601450864,0.101775545,29.136,27.49956566
10/13/2018,0.507295704,0.108764915,28.637,27.98110438
10/14/2018,0.196055642,0.093373861,28.65511111,28.01515488
10/15/2018,0.282030071,0.116203101,28.72844444,27.88325589
10/16/2018,0.372388367,0.100025701,28.54555556,27.58288215
10/17/2018,0.550614968,0.096806242,28.04588889,27.88012795
10/18/2018,0.233166813,0.093818167,28.14722222,28.44347138
10/19/2018,0.339268033,0.119418148,28.37177778,28.45704714
10/20/2018,NaN,0.086379807,28.354,28.17038047
10/21/2018,0.67443314,0.258928134,28.31866667,27.77499327
10/22/2018,0.502694368,0.137925368,28.45655556,27.53137374
10/23/2018,1.602298988,0.271671827,28.30611111,27.50643434
10/24/2018,0.550618319,0.171041622,28.43811111,27.44429966
10/25/2018,NaN,0.085331544,28.40111111,27.10815152
10/26/2018,NaN,NaN,28.262,26.84578451
10/27/2018,NaN,0.069710517,27.91888889,26.37554209
10/28/2018,0.699608605,0.212316243,27.54166667,26.26223906
10/29/2018,0.729766512,0.231448136,27.94922222,26.11444108
10/30/2018,0.699394721,0.186610758,28.21133333,26.15890236
10/31/2018,0.667829589,0.144802657,28.07788889,26.39549832
11/1/2018,0.665407485,0.124224435,28.048,26.78725253
11/2/2018,0.430317483,0.123462403,27.58322222,27.08889226
11/3/2018,1.088277095,NaN,27.07188889,27.55864646
11/4/2018,0.593881188,NaN,27.06,27.54265993
11/5/2018,NaN,NaN,27.33488889,27.52607071
11/6/2018,0.29675007,0.769393738,27.566,26.85518519
11/7/2018,NaN,0.15129112,27.026,26.55907407
11/8/2018,NaN,0.144370045,26.99222222,26.46744444
11/9/2018,0.445250847,0.176814112,27.51688889,26.05997643
11/10/2018,NaN,NaN,27.52744444,25.86515825
11/11/2018,NaN,0.099381949,27.43544444,26.07772391
11/12/2018,0.326122233,0.146243646,27.12955556,26.73047475
11/13/2018,0.283981813,0.143523001,26.91811111,27.25040741
11/14/2018,NaN,NaN,26.93944444,27.23704377
11/15/2018,0.31186572,NaN,27.03166667,26.33694613
11/16/2018,0.85914929,0.431633115,27.22955556,26.07080471
11/17/2018,0.596002079,0.213208422,26.52477778,26.02952862
11/18/2018,0.949544546,0.172033631,26.26355556,26.08978788
11/19/2018,NaN,0.167817751,26.298,25.60014478
11/20/2018,NaN,NaN,26.11922222,25.99777441
11/21/2018,0.433070923,0.142046208,26.36144444,26.1599899
11/22/2018,NaN,0.083068807,26.56344444,26.26765993
11/23/2018,0.10248568,0.086180607,26.25388889,26.37253199
11/24/2018,0.209775215,NaN,26.03255556,26.5926835
11/25/2018,0.242733454,0.152589843,26.14477778,26.1429798
11/26/2018,NaN,NaN,26.51977778,26.1199596
11/27/2018,NaN,0.128539047,26.72255556,26.50389226
11/28/2018,0.763593475,0.115785863,26.72044444,26.21371717
11/29/2018,0.499279331,0.206069985,26.71611111,26.25958923
11/30/2018,0.441068316,0.18738693,26.56722222,26.25706061
12/1/2018,NaN,NaN,27.07011111,26.02304714
12/2/2018,NaN,NaN,27.227,25.84296633
12/3/2018,NaN,NaN,27.287,25.43248822
12/4/2018,0.472799275,0.213610567,27.25144444,25.16643434
12/5/2018,0.993611831,0.168663581,26.636,25.03681145
12/6/2018,0.571557185,0.17780482,26.38622222,24.99940741
12/7/2018,0.348690218,0.240004812,26.39433333,24.88817172
12/8/2018,NaN,NaN,26.02822222,24.84679798
12/9/2018,NaN,NaN,25.41111111,25.05424579
12/10/2018,NaN,0.160912426,25.64477778,24.99705387
12/11/2018,2.322232573,NaN,25.79233333,24.86387879
12/12/2018,0.2688929,0.214326773,26.383,24.79540404
12/13/2018,NaN,NaN,26.41211111,24.53234007
12/14/2018,NaN,NaN,26.39133333,24.49145118
12/15/2018,NaN,NaN,26.43933333,24.36861616
12/16/2018,0.501131856,0.24554624,26.45066667,24.13116835
12/17/2018,NaN,NaN,26.51533333,23.93457912
12/18/2018,0.724560923,0.232257191,25.95711111,23.92544444
12/19/2018,NaN,NaN,25.93122222,23.88118182
12/20/2018,NaN,NaN,25.89244444,23.63507071
12/21/2018,0.227161434,NaN,25.78322222,23.42983165
12/22/2018,NaN,0.144854778,25.79344444,23.95121549
12/23/2018,1.116910944,0.25478334,25.91622222,23.99934007
12/24/2018,0.910241967,0.33976537,25.49,24.08759933
12/25/2018,0.732810271,0.328954731,25.38744444,24.01489226
12/26/2018,0.719243436,0.245375219,25.48177778,24.05783165
12/27/2018,NaN,0.139032301,25.52077778,24.04274747
12/28/2018,NaN,NaN,25.58855556,23.85968687
12/29/2018,NaN,NaN,25.68844444,23.63066667
12/30/2018,NaN,NaN,25.58866667,23.79740404
12/31/2018,0.439962664,0.255890447,25.60077778,23.56309428
1/1/2019,0.449548578,0.258367109,25.27177778,23.4149596
1/2/2019,NaN,0.179567962,25.28855556,23.60771717
1/3/2019,NaN,NaN,25.66477778,23.53484175
1/4/2019,NaN,NaN,25.79166667,23.90819529
1/5/2019,0.735308173,0.201969177,25.77911111,24.17525589
1/6/2019,0.985934002,0.25519771,26.30122222,24.07414141
1/7/2019,0.900308768,0.293446183,26.19422222,24.02868013
1/8/2019,0.8056533,NaN,26.13144444,24.09250505
1/9/2019,1.352372662,0.275339734,26.14266667,23.92395286
1/10/2019,1.34286665,0.312429327,25.93588889,23.71346128
1/11/2019,1.703547996,0.169423842,25.41933333,23.43405387
1/12/2019,NaN,NaN,25.246,23.25671717
1/13/2019,NaN,NaN,24.831,23.14164646
1/14/2019,NaN,NaN,24.65588889,22.97380471
1/15/2019,1.067631827,0.07564666,24.605,23.08580135
1/16/2019,0.655591766,0.142885474,24.566,23.10937037
1/17/2019,0.382609996,0.248252085,24.91844444,23.22594276
1/18/2019,0.376172921,NaN,25.16088889,23.26039057
1/19/2019,NaN,NaN,25.20155556,23.20818855
1/20/2019,1.303101833,NaN,25.16677778,22.64101347
1/21/2019,NaN,NaN,24.89277778,22.26145455
1/22/2019,1.39836101,0.118658897,24.54577778,22.35561953
1/23/2019,NaN,0.12119474,24.30655556,22.70253535
1/24/2019,NaN,NaN,24.34644444,22.52657239
1/25/2019,0.914154459,0.268765769,24.37744444,22.4999899
1/26/2019,0.601196184,0.255432751,24.46755556,22.59459596
1/27/2019,NaN,NaN,24.54155556,22.76386532
1/28/2019,NaN,NaN,24.47377778,22.72357912
1/29/2019,0.190569038,0.188107523,24.10877778,22.68545791
1/30/2019,NaN,NaN,24.00255556,22.53586869
1/31/2019,0.705512305,0.273098354,24.03688889,22.32045118
2/1/2019,0.60660789,0.220426587,23.84644444,22.35838721
2/2/2019,NaN,0.308554461,23.827,22.48647811
2/3/2019,NaN,NaN,23.86333333,22.97310774
2/4/2019,0.369140697,0.077006444,23.97155556,23.87839057
2/5/2019,0.574099274,0.257163502,24.64022222,23.82615152
2/6/2019,0.525984094,0.268036841,24.36577778,23.64049158
2/7/2019,0.514808765,0.265266605,23.38133333,23.44493603
2/8/2019,NaN,NaN,23.41022222,23.44175084
2/9/2019,NaN,NaN,23.58511111,23.31787879
2/10/2019,0.221004747,0.146828123,23.716,23.07446801
2/11/2019,NaN,0.189754263,24.03022222,23.02925589
2/12/2019,NaN,NaN,24.76433333,23.11966667
2/13/2019,NaN,NaN,24.867,23.33713131
2/14/2019,0.454812066,0.25255215,24.96177778,23.42581818
2/15/2019,NaN,NaN,25.09755556,23.4453569
2/16/2019,NaN,0.167831955,24.78322222,23.903633
2/17/2019,NaN,0.183792923,24.21755556,24.02888215
2/18/2019,NaN,0.207088033,24.35988889,24.11164983
2/19/2019,NaN,0.139612727,24.23144444,24.06951178
2/20/2019,NaN,NaN,24.15877778,23.94374074
2/21/2019,0.419601135,0.1425406,24.41977778,23.78260606
2/22/2019,0.283520133,0.189539204,25.30644444,23.8919596
2/23/2019,0.253296824,0.148586579,25.53177778,23.63895286
2/24/2019,NaN,0.179157648,25.62611111,23.31000337
2/25/2019,0.523883677,0.266694395,24.873,23.02494949
2/26/2019,0.413669689,0.299683777,24.28755556,22.80472054
2/27/2019,0.17444909,0.184102543,25.07088889,22.73193939
2/28/2019,0.31282469,0.175874814,25.46722222,22.54488889
3/1/2019,NaN,0.180533023,25.54822222,22.64429966
3/2/2019,0.109902666,NaN,25.60055556,22.67042088
3/3/2019,0.299285827,0.083117822,25.70511111,22.65555556
3/4/2019,NaN,0.062790506,25.71777778,22.78188889
3/5/2019,NaN,NaN,25.72344444,23.22391582
3/6/2019,0.631609938,0.138543403,25.43344444,23.76551515
3/7/2019,0.393043478,0.198062103,25.01055556,24.27252525
3/8/2019,0.445666404,NaN,25.02011111,24.2507037
3/9/2019,NaN,0.175604658,25.07711111,23.91286195
3/10/2019,0.280643057,0.169390516,25.37322222,23.2899697
3/11/2019,0.1504335,0.206545894,25.48944444,22.9879899
3/12/2019,0.272435344,0.182439905,25.51777778,22.99741751
3/13/2019,0.198435481,0.187326593,25.23177778,23.11013468
3/14/2019,0.203407005,0.117903685,25.15133333,23.84247475
3/15/2019,0.220781613,0.2093015,25.31855556,24.93549832
3/16/2019,NaN,0.128846493,25.81266667,24.98683165
3/17/2019,NaN,NaN,26.00677778,24.87936364
3/18/2019,0.224640659,0.139312735,25.857,24.69501347
3/19/2019,NaN,NaN,25.87133333,23.84539394
3/20/2019,0.227235957,NaN,25.30122222,23.20954209
3/21/2019,0.32722836,0.207036071,24.124,23.26349158
3/22/2019,0.600395504,0.273756576,24.94233333,23.38486195
3/23/2019,0.455646021,0.29455835,24.87466667,23.37745118
3/24/2019,0.44716282,0.22462884,24.78555556,23.32123906
3/25/2019,NaN,NaN,25.14766667,23.38080808
3/26/2019,NaN,NaN,25.17322222,23.05821549
3/27/2019,NaN,NaN,25.21977778,22.79605051
3/28/2019,0.65365396,0.146901821,25.32888889,22.30897306
3/29/2019,0.253874033,0.190458625,25.02211111,22.59847811
3/30/2019,0.231347011,0.175837754,24.93255556,22.84648822
3/31/2019,0.29612118,0.183541038,25.21455556,23.22086869
4/1/2019,NaN,NaN,25.17133333,23.12641751
4/2/2019,0.235104035,0.212627236,24.98466667,23.12903367
4/3/2019,0.376839062,0.339778527,25.00744444,22.99656902
4/4/2019,0.298166576,0.291968896,24.55211111,22.89885859
4/5/2019,NaN,NaN,24.58611111,22.84283502
4/6/2019,0.428310557,0.171732746,24.75055556,22.85992256
4/7/2019,0.294758234,0.267902242,24.55444444,23.02846128
4/8/2019,0.298843722,0.12564654,24.22877778,23.0443064
4/9/2019,NaN,NaN,24.40044444,22.98256566
4/10/2019,0.284206186,0.155741851,24.61622222,23.12426936
4/11/2019,0.297504766,0.1658356,24.003,23.23995286
4/12/2019,NaN,NaN,23.65344444,23.19421549
4/13/2019,NaN,NaN,23.48388889,23.38089226
4/14/2019,NaN,NaN,23.64166667,23.41731313
4/15/2019,0.393504041,0.133948189,25.09822222,24.20057912
4/16/2019,0.356279864,0.138720378,25.61644444,25.00420539
4/17/2019,NaN,0.132042027,25.85455556,25.26937037
4/18/2019,0.246740966,0.162155104,25.85066667,25.32015152
4/19/2019,NaN,NaN,25.69811111,24.91738721
4/20/2019,NaN,NaN,25.705,24.36746128
4/21/2019,0.423265206,0.118476996,25.58488889,24.66116162
4/22/2019,0.571571728,0.146077968,25.83788889,24.88976431
4/23/2019,0.627428387,0.084037868,25.75488889,24.79121212
4/24/2019,0.328278006,0.141426219,25.83566667,24.72747475
4/25/2019,0.486475325,0.108506012,26.01477778,24.78591919
4/26/2019,0.458592452,NaN,26.14233333,24.33426936
4/27/2019,0.535304546,0.130673659,26.13644444,24.20884512
4/28/2019,NaN,NaN,26.05222222,24.09952189
4/29/2019,0.452634402,0.113558579,26.04855556,23.88660269
4/30/2019,0.29249228,0.096119956,26.233,24.17142761
5/1/2019,0.385198258,0.080956663,26.29255556,24.71884175
5/2/2019,0.247852791,0.077600405,26.25322222,24.72017508
5/3/2019,NaN,NaN,26.34077778,24.58878451
5/4/2019,0.51418883,0.4354631,26.08544444,24.66086195
5/5/2019,0.308799886,0.090470945,25.93255556,24.76793266
5/6/2019,0.156773532,0.114693113,26.56088889,25.10665657
5/7/2019,0.311188769,0.09167428,26.66244444,25.2303468
5/8/2019,0.150473694,0.089714681,26.63711111,25.19175084
5/9/2019,NaN,NaN,26.27022222,25.49987879
5/10/2019,0.183161996,0.095884177,26.31722222,25.33155556
5/11/2019,0.108860551,0.067381352,26.54588889,25.31309428
5/12/2019,NaN,0.062972492,26.73333333,25.22666667
5/13/2019,0.74550055,0.092821311,27.017,25.68275758
5/14/2019,NaN,NaN,27.28577778,25.76509091
5/15/2019,0.313163204,0.089691162,27.23222222,25.80528283
5/16/2019,0.152280541,0.077986884,26.86244444,26.25735017
5/17/2019,0.221079098,0.067308825,26.91922222,26.29945791
5/18/2019,0.266095034,0.072418594,27.23333333,26.5103771
5/19/2019,NaN,0.063903914,27.26122222,26.93691582
5/20/2019,0.219732122,0.096409544,27.46777778,26.82750168
5/21/2019,0.266283617,0.071377536,27.74611111,26.87073737
5/22/2019,0.183249654,0.075818659,27.72988889,26.51503704
5/23/2019,0.217885018,0.082254759,27.52633333,26.23639057
5/24/2019,NaN,0.072090799,27.57722222,26.23653199
5/25/2019,NaN,NaN,27.35822222,26.23884512
5/26/2019,0.219864407,0.137522343,27.10155556,26.30462963
5/27/2019,0.194869349,0.072448964,27.27066667,26.63073401
5/28/2019,0.236134482,0.077961097,27.42666667,27.14832997
5/29/2019,0.235372414,0.072352916,27.44577778,27.23204714
5/30/2019,NaN,NaN,28.16244444,27.20959259
5/31/2019,NaN,0.144829745,28.206,27.40657239
6/1/2019,0.413863934,0.082323047,28.57544444,27.30740741
6/2/2019,0.38541351,0.075147395,28.56644444,27.22042088
6/3/2019,0.401801455,0.063623498,28.00155556,27.207633
6/4/2019,NaN,NaN,28.02866667,27.0956633
6/5/2019,0.21427865,NaN,28.01833333,27.17218519
6/6/2019,NaN,0.058889087,27.95955556,27.15982492
6/7/2019,NaN,NaN,27.73122222,27.1942862
6/8/2019,NaN,NaN,27.561,27.35307744
6/9/2019,NaN,0.057911074,27.44822222,27.10912121
6/10/2019,NaN,NaN,27.67577778,27.18740404
6/11/2019,NaN,0.050117598,27.21122222,27.24727273
6/12/2019,NaN,NaN,27.18066667,27.49215825
6/13/2019,0.21389924,NaN,27.205,27.6282862
6/14/2019,0.404925636,0.232701684,27.973,27.71607071
6/15/2019,NaN,NaN,28.245,27.60109764
6/16/2019,0.301609658,0.073836063,28.43844444,27.68925589
