tbin,latitude,longitude,analysed_sst,analysis_error
4/29/2016,33.67,-76.5,24.71777778,0.38
4/30/2016,33.67,-76.5,25.02179461,0.379360269
5/1/2016,33.67,-76.5,25.06989899,0.387070707
5/2/2016,33.67,-76.5,25.31391582,0.397272727
5/3/2016,33.67,-76.5,25.07157239,0.401212121
5/4/2016,33.67,-76.5,24.82571717,0.398821549
5/5/2016,33.67,-76.5,24.95647811,0.396902357
5/6/2016,33.67,-76.5,24.74875758,0.39016835
5/7/2016,33.67,-76.5,24.63847138,0.381279461
5/8/2016,33.67,-76.5,24.67213468,0.374478114
5/9/2016,33.67,-76.5,24.57285185,0.375084175
5/10/2016,33.67,-76.5,24.5449798,0.384309764
5/11/2016,33.67,-76.5,24.71382155,0.377205387
5/12/2016,33.67,-76.5,24.6907138,0.37
5/13/2016,33.67,-76.5,24.7890303,0.38
5/14/2016,33.67,-76.5,25.24056229,0.376127946
5/15/2016,33.67,-76.5,25.39752525,0.372760943
5/16/2016,33.67,-76.5,25.13454545,0.38
5/17/2016,33.67,-76.5,25.07232997,0.391010101
5/18/2016,33.67,-76.5,25.19715152,0.395353535
5/19/2016,33.67,-76.5,25.50715152,0.4003367
5/20/2016,33.67,-76.5,26.84443434,0.399494949
5/21/2016,33.67,-76.5,26.77578788,0.386397306
5/22/2016,33.67,-76.5,26.83807407,0.382255892
5/23/2016,33.67,-76.5,27.25758586,0.378181818
5/24/2016,33.67,-76.5,27.09672054,0.382626263
5/25/2016,33.67,-76.5,27.04704377,0.376127946
5/26/2016,33.67,-76.5,27.14487205,0.374747475
5/27/2016,33.67,-76.5,27.09420539,0.37962963
5/28/2016,33.67,-76.5,27.02174747,0.388888889
5/29/2016,33.67,-76.5,27.13836364,0.393939394
5/30/2016,33.67,-76.5,27.3656229,0.384713805
5/31/2016,33.67,-76.5,27.29596296,0.384242424
6/1/2016,33.67,-76.5,27.4479697,0.385521886
6/2/2016,33.67,-76.5,27.73507744,0.381784512
6/3/2016,33.67,-76.5,27.90622222,0.377710438
6/4/2016,33.67,-76.5,28.1230404,0.38
6/5/2016,33.67,-76.5,28.15742424,0.380639731
6/6/2016,33.67,-76.5,28.48283838,0.385252525
6/7/2016,33.67,-76.5,28.46453535,0.382491582
6/8/2016,33.67,-76.5,27.92331313,0.375218855
6/9/2016,33.67,-76.5,27.80342761,0.381649832
6/10/2016,33.67,-76.5,28.56825589,0.38
6/11/2016,33.67,-76.5,28.60574747,0.374545455
6/12/2016,33.67,-76.5,28.62508081,0.373232323
6/13/2016,33.67,-76.5,28.5636229,0.380740741
6/14/2016,33.67,-76.5,28.41204714,0.388114478
6/15/2016,33.67,-76.5,28.35493603,0.39
6/16/2016,33.67,-76.5,28.08127609,0.38
6/17/2016,33.67,-76.5,28.11606734,0.375016835
6/18/2016,33.67,-76.5,28.05460269,0.38
6/19/2016,33.67,-76.5,27.91927273,0.380909091
6/20/2016,33.67,-76.5,27.80039057,0.375454545
6/21/2016,33.67,-76.5,28.04269697,0.379292929
6/22/2016,33.67,-76.5,28.28328283,0.383434343
6/23/2016,33.67,-76.5,28.35893603,0.379023569
6/24/2016,33.67,-76.5,28.09154545,0.3796633
6/25/2016,33.67,-76.5,28.26953535,0.382424242
6/26/2016,33.67,-76.5,28.43068013,0.383198653
6/27/2016,33.67,-76.5,28.82290572,0.375892256
6/28/2016,33.67,-76.5,29.06083838,0.374545455
6/29/2016,33.67,-76.5,29.00686869,0.384713805
6/30/2016,33.67,-76.5,28.66587205,0.395016835
7/1/2016,33.67,-76.5,28.36374747,0.389191919
7/2/2016,33.67,-76.5,28.57541751,0.387373737
7/3/2016,33.67,-76.5,28.67,0.388181818
7/4/2016,33.67,-76.5,28.87726936,0.39
7/5/2016,33.67,-76.5,28.8479899,0.38
7/6/2016,33.67,-76.5,28.80023232,0.37
7/7/2016,33.67,-76.5,28.89411448,0.37
7/8/2016,33.67,-76.5,29.04735017,0.38
7/9/2016,33.67,-76.5,29.06243434,0.38
7/10/2016,33.67,-76.5,29.04288215,0.38
7/11/2016,33.67,-76.5,29.04439057,0.38
7/12/2016,33.67,-76.5,29.17194949,0.388383838
7/13/2016,33.67,-76.5,29.94040741,0.38
7/14/2016,33.67,-76.5,29.85915825,0.374074074
7/15/2016,33.67,-76.5,29.94083838,0.374747475
7/16/2016,33.67,-76.5,30.01236027,0.382727273
7/17/2016,33.67,-76.5,29.91518519,0.386969697
7/18/2016,33.67,-76.5,29.74611785,0.383804714
7/19/2016,33.67,-76.5,29.67105051,0.38
7/20/2016,33.67,-76.5,29.53522559,0.382861953
7/21/2016,33.67,-76.5,29.55130976,0.376296296
7/22/2016,33.67,-76.5,29.60977441,0.370572391
7/23/2016,33.67,-76.5,29.73312121,0.372962963
7/24/2016,33.67,-76.5,29.75085522,0.381447811
7/25/2016,33.67,-76.5,29.73218519,0.382356902
7/26/2016,33.67,-76.5,29.83024579,0.38
7/27/2016,33.67,-76.5,29.86791582,0.38
7/28/2016,33.67,-76.5,30.01925253,0.371818182
7/29/2016,33.67,-76.5,29.97309764,0.371111111
7/30/2016,33.67,-76.5,29.87111448,0.370875421
7/31/2016,33.67,-76.5,30.09663636,0.378888889
8/1/2016,33.67,-76.5,30.15012458,0.381414141
8/2/2016,33.67,-76.5,30.2873771,0.39
8/3/2016,33.67,-76.5,29.96851852,0.39
8/4/2016,33.67,-76.5,28.91949832,0.385993266
8/5/2016,33.67,-76.5,28.7933266,0.387037037
8/6/2016,33.67,-76.5,28.76310438,0.382457912
8/7/2016,33.67,-76.5,28.82883165,0.38
8/8/2016,33.67,-76.5,29.09918182,0.382154882
8/9/2016,33.67,-76.5,29.35510774,0.38
8/10/2016,33.67,-76.5,29.36000673,0.38
8/11/2016,33.67,-76.5,29.27416498,0.38
8/12/2016,33.67,-76.5,29.29566667,0.382592593
8/13/2016,33.67,-76.5,29.89991919,0.38
8/14/2016,33.67,-76.5,30.03600673,0.376902357
8/15/2016,33.67,-76.5,30.2119697,0.37
8/16/2016,33.67,-76.5,29.95206397,0.372424242
8/17/2016,33.67,-76.5,29.85621886,0.38
8/18/2016,33.67,-76.5,29.7940101,0.38
8/19/2016,33.67,-76.5,29.79557912,0.386397306
8/20/2016,33.67,-76.5,29.53516162,0.386161616
8/21/2016,33.67,-76.5,29.47036364,0.381447811
8/22/2016,33.67,-76.5,29.82979125,0.38
8/23/2016,33.67,-76.5,30.15284512,0.379326599
8/24/2016,33.67,-76.5,30.03355219,0.382323232
8/25/2016,33.67,-76.5,29.59660606,0.38
8/26/2016,33.67,-76.5,29.54049158,0.371649832
8/27/2016,33.67,-76.5,29.29015825,0.375555556
8/28/2016,33.67,-76.5,29.27438384,0.386228956
8/29/2016,33.67,-76.5,29.19955556,0.389461279
8/30/2016,33.67,-76.5,29.11899327,0.391818182
8/31/2016,33.67,-76.5,29.10923906,0.4
9/1/2016,33.67,-76.5,28.96302357,0.4
9/2/2016,33.67,-76.5,28.56238721,0.407138047
9/3/2016,33.67,-76.5,27.93358923,0.4
9/4/2016,33.67,-76.5,27.42320875,0.4
9/5/2016,33.67,-76.5,27.1376835,0.395959596
9/6/2016,33.67,-76.5,27.18811111,0.387676768
9/7/2016,33.67,-76.5,27.57618182,0.382760943
9/8/2016,33.67,-76.5,28.21440404,0.383400673
9/9/2016,33.67,-76.5,28.75568013,0.381717172
9/10/2016,33.67,-76.5,28.77706061,0.379461279
9/11/2016,33.67,-76.5,28.63519529,0.383838384
9/12/2016,33.67,-76.5,27.83186532,0.387744108
9/13/2016,33.67,-76.5,27.68742761,0.39
9/14/2016,33.67,-76.5,27.74481481,0.398720539
9/15/2016,33.67,-76.5,27.95209091,0.398585859
9/16/2016,33.67,-76.5,28.29850168,0.383434343
9/17/2016,33.67,-76.5,28.24450168,0.379090909
9/18/2016,33.67,-76.5,28.19604377,0.378451178
9/19/2016,33.67,-76.5,28.22194276,0.38003367
9/20/2016,33.67,-76.5,28.34099663,0.385286195
9/21/2016,33.67,-76.5,28.78593266,0.385555556
9/22/2016,33.67,-76.5,28.84594949,0.386262626
9/23/2016,33.67,-76.5,28.86726263,0.385117845
9/24/2016,33.67,-76.5,29.12737037,0.378417508
9/25/2016,33.67,-76.5,29.34723232,0.375589226
9/26/2016,33.67,-76.5,29.32547811,0.38
9/27/2016,33.67,-76.5,28.50077104,0.388282828
9/28/2016,33.67,-76.5,27.94152525,0.372457912
9/29/2016,33.67,-76.5,28.04420875,0.371784512
9/30/2016,33.67,-76.5,28.19953199,0.381784512
10/1/2016,33.67,-76.5,28.64889226,0.390774411
10/2/2016,33.67,-76.5,28.67743098,0.394175084
10/3/2016,33.67,-76.5,28.55556566,0.398888889
10/4/2016,33.67,-76.5,28.22651178,0.4
10/5/2016,33.67,-76.5,28.17038047,0.39952862
10/6/2016,33.67,-76.5,28.03801684,0.398013468
10/7/2016,33.67,-76.5,28.02668013,0.402356902
10/8/2016,33.67,-76.5,27.42908418,0.40047138
10/9/2016,33.67,-76.5,27.15858586,0.394579125
10/10/2016,33.67,-76.5,27.12762626,0.39013468
10/11/2016,33.67,-76.5,27.12591919,0.394444444
10/12/2016,33.67,-76.5,27.59869697,0.39
10/13/2016,33.67,-76.5,27.80393266,0.380942761
10/14/2016,33.67,-76.5,27.75601347,0.373636364
10/15/2016,33.67,-76.5,27.55981145,0.382457912
10/16/2016,33.67,-76.5,26.76210774,0.38
10/17/2016,33.67,-76.5,26.8130101,0.377070707
10/18/2016,33.67,-76.5,27.10834007,0.371717172
10/19/2016,33.67,-76.5,27.16067677,0.375521886
10/20/2016,33.67,-76.5,27.24709091,0.38
10/21/2016,33.67,-76.5,27.59152189,0.382525253
10/22/2016,33.67,-76.5,27.67467003,0.38
10/23/2016,33.67,-76.5,27.81682155,0.373333333
10/24/2016,33.67,-76.5,27.82739057,0.37
10/25/2016,33.67,-76.5,27.59361279,0.374242424
10/26/2016,33.67,-76.5,27.4347037,0.384208754
10/27/2016,33.67,-76.5,27.15991582,0.383367003
10/28/2016,33.67,-76.5,27.06396633,0.384107744
10/29/2016,33.67,-76.5,27.61918519,0.387575758
10/30/2016,33.67,-76.5,27.84480808,0.38
10/31/2016,33.67,-76.5,27.86346128,0.377373737
11/1/2016,33.67,-76.5,27.74152189,0.38
11/2/2016,33.67,-76.5,26.83549158,0.384915825
11/3/2016,33.67,-76.5,26.50341751,0.38
11/4/2016,33.67,-76.5,26.44852862,0.38
11/5/2016,33.67,-76.5,27.01310101,0.38
11/6/2016,33.67,-76.5,26.96553535,0.37020202
11/7/2016,33.67,-76.5,26.88085522,0.37006734
11/8/2016,33.67,-76.5,26.62818182,0.38003367
11/9/2016,33.67,-76.5,26.63142761,0.388855219
11/10/2016,33.67,-76.5,27.02644781,0.376868687
11/11/2016,33.67,-76.5,27.05030303,0.37
11/12/2016,33.67,-76.5,27.1149596,0.378080808
11/13/2016,33.67,-76.5,26.95709428,0.39
11/14/2016,33.67,-76.5,26.16064646,0.39
11/15/2016,33.67,-76.5,26.14207071,0.38
11/16/2016,33.67,-76.5,26.24383165,0.374377104
11/17/2016,33.67,-76.5,26.75048485,0.373535354
11/18/2016,33.67,-76.5,26.84883502,0.37
11/19/2016,33.67,-76.5,26.83251852,0.37
11/20/2016,33.67,-76.5,26.47480135,0.377710438
11/21/2016,33.67,-76.5,26.50005724,0.374680135
11/22/2016,33.67,-76.5,26.31541751,0.372424242
11/23/2016,33.67,-76.5,26.10846465,0.38
11/24/2016,33.67,-76.5,26.03751515,0.378720539
11/25/2016,33.67,-76.5,26.16796633,0.378989899
11/26/2016,33.67,-76.5,26.16192593,0.385892256
11/27/2016,33.67,-76.5,25.89970034,0.394276094
11/28/2016,33.67,-76.5,25.45674747,0.394276094
11/29/2016,33.67,-76.5,25.37846128,0.393939394
11/30/2016,33.67,-76.5,25.76758586,0.395387205
12/1/2016,33.67,-76.5,26.30265657,0.39
12/2/2016,33.67,-76.5,26.5039596,0.388013468
12/3/2016,33.67,-76.5,26.58588215,0.39
12/4/2016,33.67,-76.5,26.4949798,0.4
12/5/2016,33.67,-76.5,25.98248485,0.397676768
12/6/2016,33.67,-76.5,26.06645791,0.383131313
12/7/2016,33.67,-76.5,26.12319529,0.378013468
12/8/2016,33.67,-76.5,26.05927946,0.38
12/9/2016,33.67,-76.5,26.01730303,0.386936027
12/10/2016,33.67,-76.5,26.06690909,0.373030303
12/11/2016,33.67,-76.5,26.01458923,0.371313131
12/12/2016,33.67,-76.5,25.67677441,0.379158249
12/13/2016,33.67,-76.5,25.24869697,0.383737374
12/14/2016,33.67,-76.5,24.857633,0.386363636
12/15/2016,33.67,-76.5,24.75179461,0.388484848
12/16/2016,33.67,-76.5,24.63022559,0.389427609
12/17/2016,33.67,-76.5,24.42907407,0.395656566
12/18/2016,33.67,-76.5,24.43933333,0.397171717
12/19/2016,33.67,-76.5,25.34129293,0.400976431
12/20/2016,33.67,-76.5,25.47776094,0.395521886
12/21/2016,33.67,-76.5,25.55807071,0.385353535
12/22/2016,33.67,-76.5,25.54331987,0.376262626
12/23/2016,33.67,-76.5,25.49159596,0.38
12/24/2016,33.67,-76.5,25.47769697,0.387239057
12/25/2016,33.67,-76.5,24.92946128,0.386565657
12/26/2016,33.67,-76.5,24.85951515,0.39
12/27/2016,33.67,-76.5,24.7146936,0.4
12/28/2016,33.67,-76.5,24.87425926,0.389158249
12/29/2016,33.67,-76.5,24.87405724,0.387777778
12/30/2016,33.67,-76.5,24.69376094,0.391986532
12/31/2016,33.67,-76.5,24.31908081,0.4
1/1/2017,33.67,-76.5,24.78806061,0.400942761
1/2/2017,33.67,-76.5,25.03527609,0.403232323
1/3/2017,33.67,-76.5,24.99969024,0.403131313
1/4/2017,33.67,-76.5,25.27657912,0.403569024
1/5/2017,33.67,-76.5,25.13071717,0.401481481
1/6/2017,33.67,-76.5,24.75260943,0.408383838
1/7/2017,33.67,-76.5,23.91580808,0.41
1/8/2017,33.67,-76.5,24.12677778,0.382693603
1/9/2017,33.67,-76.5,24.10498316,0.391077441
1/10/2017,33.67,-76.5,24.54609428,0.391212121
1/11/2017,33.67,-76.5,25.0996532,0.391010101
1/12/2017,33.67,-76.5,24.92847475,0.384646465
1/13/2017,33.67,-76.5,25.00156902,0.385319865
1/14/2017,33.67,-76.5,24.9939596,0.394040404
1/15/2017,33.67,-76.5,24.86338384,0.4
1/16/2017,33.67,-76.5,24.75439394,0.398080808
1/17/2017,33.67,-76.5,24.93476768,0.396767677
1/18/2017,33.67,-76.5,25.07089899,0.393434343
1/19/2017,33.67,-76.5,25.11501684,0.385286195
1/20/2017,33.67,-76.5,24.95808081,0.383703704
1/21/2017,33.67,-76.5,24.69764983,0.387575758
1/22/2017,33.67,-76.5,24.03148148,0.390808081
1/23/2017,33.67,-76.5,24.24874411,0.397003367
1/24/2017,33.67,-76.5,24.49192256,0.385016835
1/25/2017,33.67,-76.5,24.73387542,0.373030303
1/26/2017,33.67,-76.5,24.71778114,0.370639731
1/27/2017,33.67,-76.5,24.75991582,0.38
1/28/2017,33.67,-76.5,24.42523569,0.4
1/29/2017,33.67,-76.5,22.94337374,0.4
1/30/2017,33.67,-76.5,22.74047811,0.391144781
1/31/2017,33.67,-76.5,22.943367,0.383232323
2/1/2017,33.67,-76.5,23.49013131,0.375353535
2/2/2017,33.67,-76.5,23.7643367,0.371414141
2/3/2017,33.67,-76.5,23.93472054,0.378720539
2/4/2017,33.67,-76.5,24.29937037,0.385151515
2/5/2017,33.67,-76.5,24.29105724,0.377912458
2/6/2017,33.67,-76.5,24.33355892,0.374141414
2/7/2017,33.67,-76.5,24.57655219,0.38
2/8/2017,33.67,-76.5,24.26653535,0.386936027
2/9/2017,33.67,-76.5,23.84862626,0.385050505
2/10/2017,33.67,-76.5,23.0502963,0.384713805
2/11/2017,33.67,-76.5,22.65784848,0.383838384
2/12/2017,33.67,-76.5,21.90686195,0.382996633
2/13/2017,33.67,-76.5,22.2420404,0.379427609
2/14/2017,33.67,-76.5,22.90561279,0.385454545
2/15/2017,33.67,-76.5,24.06546465,0.385622896
2/16/2017,33.67,-76.5,24.36217508,0.374949495
2/17/2017,33.67,-76.5,24.44530976,0.37
2/18/2017,33.67,-76.5,24.58140067,0.372558923
2/19/2017,33.67,-76.5,24.68594949,0.372323232
2/20/2017,33.67,-76.5,24.69839394,0.37003367
2/21/2017,33.67,-76.5,24.60202357,0.377811448
2/22/2017,33.67,-76.5,24.28807407,0.39
2/23/2017,33.67,-76.5,24.64700337,0.393164983
2/24/2017,33.67,-76.5,24.86470034,0.38
2/25/2017,33.67,-76.5,24.8210303,0.37
2/26/2017,33.67,-76.5,24.77345118,0.368383838
2/27/2017,33.67,-76.5,24.65507744,0.374612795
2/28/2017,33.67,-76.5,24.10469024,0.383265993
3/1/2017,33.67,-76.5,23.83156902,0.384006734
3/2/2017,33.67,-76.5,23.80201347,0.376262626
3/3/2017,33.67,-76.5,23.81089226,0.373333333
3/4/2017,33.67,-76.5,23.76428283,0.37
3/5/2017,33.67,-76.5,23.55780135,0.36959596
3/6/2017,33.67,-76.5,23.49675084,0.37
3/7/2017,33.67,-76.5,23.69478451,0.381245791
3/8/2017,33.67,-76.5,24.28986532,0.387979798
3/9/2017,33.67,-76.5,24.21139394,0.376936027
3/10/2017,33.67,-76.5,24.02614815,0.370774411
3/11/2017,33.67,-76.5,23.91813131,0.38
3/12/2017,33.67,-76.5,24.02668013,0.393838384
3/13/2017,33.67,-76.5,23.90224916,0.4
3/14/2017,33.67,-76.5,23.63174747,0.39996633
3/15/2017,33.67,-76.5,23.50057239,0.393333333
3/16/2017,33.67,-76.5,23.54553199,0.37979798
3/17/2017,33.67,-76.5,23.52874411,0.372558923
3/18/2017,33.67,-76.5,23.60654209,0.379393939
3/19/2017,33.67,-76.5,24.08094276,0.39
3/20/2017,33.67,-76.5,24.15017172,0.382289562
3/21/2017,33.67,-76.5,24.02153199,0.374747475
3/22/2017,33.67,-76.5,23.98473737,0.375555556
3/23/2017,33.67,-76.5,23.86470707,0.378350168
3/24/2017,33.67,-76.5,24.12967677,0.382794613
3/25/2017,33.67,-76.5,24.61644781,0.39
3/26/2017,33.67,-76.5,25.13015152,0.39
3/27/2017,33.67,-76.5,24.99166667,0.384747475
3/28/2017,33.67,-76.5,25.01772727,0.37962963
3/29/2017,33.67,-76.5,25.21171044,0.372188552
3/30/2017,33.67,-76.5,25.21823232,0.374107744
3/31/2017,33.67,-76.5,24.80417845,0.38
4/1/2017,33.67,-76.5,24.71686869,0.37
4/2/2017,33.67,-76.5,24.66116835,0.367407407
4/3/2017,33.67,-76.5,24.57011111,0.376161616
4/4/2017,33.67,-76.5,24.83988215,0.385723906
4/5/2017,33.67,-76.5,24.75655892,0.385858586
4/6/2017,33.67,-76.5,23.78159933,0.388585859
4/7/2017,33.67,-76.5,23.37853872,0.38
4/8/2017,33.67,-76.5,23.47326936,0.374276094
4/9/2017,33.67,-76.5,23.51219192,0.375319865
4/10/2017,33.67,-76.5,24.11587542,0.375117845
4/11/2017,33.67,-76.5,24.35590236,0.38
4/12/2017,33.67,-76.5,24.43331987,0.38
4/13/2017,33.67,-76.5,24.47537374,0.386498316
4/14/2017,33.67,-76.5,24.80336027,0.39
4/15/2017,33.67,-76.5,25.05986869,0.39979798
4/16/2017,33.67,-76.5,25.52877778,0.397003367
4/17/2017,33.67,-76.5,25.6100202,0.388383838
4/18/2017,33.67,-76.5,25.51712121,0.38986532
4/19/2017,33.67,-76.5,25.50362626,0.388484848
4/20/2017,33.67,-76.5,25.67962963,0.395959596
4/21/2017,33.67,-76.5,25.68151515,0.397777778
4/22/2017,33.67,-76.5,25.58741414,0.396262626
4/23/2017,33.67,-76.5,25.62343434,0.397373737
4/24/2017,33.67,-76.5,25.21672727,0.397878788
4/25/2017,33.67,-76.5,25.08408754,0.393468013
4/26/2017,33.67,-76.5,25.14272727,0.383468013
4/27/2017,33.67,-76.5,25.12546465,0.380707071
4/28/2017,33.67,-76.5,24.99941751,0.380875421
4/29/2017,33.67,-76.5,25.00625253,0.387946128
4/30/2017,33.67,-76.5,25.13159596,0.382053872
5/1/2017,33.67,-76.5,25.74911448,0.387609428
5/2/2017,33.67,-76.5,25.97032323,0.381952862
5/3/2017,33.67,-76.5,26.00018855,0.374175084
5/4/2017,33.67,-76.5,26.01280808,0.3803367
5/5/2017,33.67,-76.5,25.95158249,0.39
5/6/2017,33.67,-76.5,24.54871717,0.393670034
5/7/2017,33.67,-76.5,24.18631987,0.391784512
5/8/2017,33.67,-76.5,24.23184512,0.386531987
5/9/2017,33.67,-76.5,24.32846465,0.383804714
5/10/2017,33.67,-76.5,24.47085185,0.39
5/11/2017,33.67,-76.5,24.58709091,0.4
5/12/2017,33.67,-76.5,24.83691919,0.4
5/13/2017,33.67,-76.5,25.27124579,0.392121212
5/14/2017,33.67,-76.5,25.52992256,0.384579125
5/15/2017,33.67,-76.5,25.8637138,0.383299663
5/16/2017,33.67,-76.5,26.41165993,0.382289562
5/17/2017,33.67,-76.5,26.4923367,0.382289562
5/18/2017,33.67,-76.5,26.45697643,0.382693603
5/19/2017,33.67,-76.5,26.51042424,0.39
5/20/2017,33.67,-76.5,26.67597643,0.394309764
5/21/2017,33.67,-76.5,26.77741077,0.393198653
5/22/2017,33.67,-76.5,26.8406734,0.395791246
5/23/2017,33.67,-76.5,26.77759596,0.401178451
5/24/2017,33.67,-76.5,26.15776768,0.406363636
5/25/2017,33.67,-76.5,25.70042761,0.396632997
5/26/2017,33.67,-76.5,25.66296633,0.385488215
5/27/2017,33.67,-76.5,25.60169024,0.38
5/28/2017,33.67,-76.5,25.56775421,0.380606061
5/29/2017,33.67,-76.5,25.42973401,0.38023569
5/30/2017,33.67,-76.5,25.70371044,0.388956229
5/31/2017,33.67,-76.5,25.97484848,0.39959596
6/1/2017,33.67,-76.5,27.05536027,0.397138047
6/2/2017,33.67,-76.5,27.0176532,0.384579125
6/3/2017,33.67,-76.5,27.24366667,0.379023569
6/4/2017,33.67,-76.5,27.68489226,0.38
6/5/2017,33.67,-76.5,27.98724579,0.38
6/6/2017,33.67,-76.5,28.074,0.386363636
6/7/2017,33.67,-76.5,27.00280135,0.399461279
6/8/2017,33.67,-76.5,26.90056229,0.38956229
6/9/2017,33.67,-76.5,27.00604714,0.37
6/10/2017,33.67,-76.5,27.10378788,0.37
6/11/2017,33.67,-76.5,27.30180135,0.37
6/12/2017,33.67,-76.5,27.10876094,0.38
6/13/2017,33.67,-76.5,27.23182155,0.385420875
6/14/2017,33.67,-76.5,27.44607407,0.391010101
6/15/2017,33.67,-76.5,27.85346128,0.39
6/16/2017,33.67,-76.5,27.9286431,0.386632997
6/17/2017,33.67,-76.5,27.7947037,0.383535354
6/18/2017,33.67,-76.5,27.34400673,0.376296296
6/19/2017,33.67,-76.5,27.22737037,0.374814815
6/20/2017,33.67,-76.5,27.20941414,0.379326599
6/21/2017,33.67,-76.5,27.3406633,0.391380471
6/22/2017,33.67,-76.5,27.46764983,0.392861953
6/23/2017,33.67,-76.5,27.2466936,0.384579125
6/24/2017,33.67,-76.5,27.24453199,0.375454545
6/25/2017,33.67,-76.5,27.43725589,0.376195286
6/26/2017,33.67,-76.5,27.77393266,0.384781145
6/27/2017,33.67,-76.5,28.12776094,0.38003367
6/28/2017,33.67,-76.5,28.20608081,0.378653199
6/29/2017,33.67,-76.5,28.39091919,0.377676768
6/30/2017,33.67,-76.5,28.72012121,0.382525253
7/1/2017,33.67,-76.5,28.71914141,0.385050505
7/2/2017,33.67,-76.5,28.51484848,0.383333333
7/3/2017,33.67,-76.5,28.30951515,0.38
7/4/2017,33.67,-76.5,27.94722222,0.370808081
7/5/2017,33.67,-76.5,27.93879798,0.370909091
7/6/2017,33.67,-76.5,28.1097037,0.37
7/7/2017,33.67,-76.5,28.05121549,0.37
7/8/2017,33.67,-76.5,28.18322222,0.375151515
7/9/2017,33.67,-76.5,28.31905724,0.386262626
7/10/2017,33.67,-76.5,28.44785859,0.382222222
7/11/2017,33.67,-76.5,28.57638384,0.38
7/12/2017,33.67,-76.5,28.92113805,0.378754209
7/13/2017,33.67,-76.5,29.18229966,0.37
7/14/2017,33.67,-76.5,29.25092593,0.37
7/15/2017,33.67,-76.5,29.4022963,0.37
7/16/2017,33.67,-76.5,29.42939394,0.38
7/17/2017,33.67,-76.5,29.49565993,0.390909091
7/18/2017,33.67,-76.5,29.31628283,0.397946128
7/19/2017,33.67,-76.5,29.50949495,0.39
7/20/2017,33.67,-76.5,29.78889899,0.38
7/21/2017,33.67,-76.5,29.78770034,0.38
7/22/2017,33.67,-76.5,29.76140404,0.372323232
7/23/2017,33.67,-76.5,29.87947811,0.371515152
7/24/2017,33.67,-76.5,29.85147138,0.378518519
7/25/2017,33.67,-76.5,29.16465993,0.39
7/26/2017,33.67,-76.5,28.48588889,0.388215488
7/27/2017,33.67,-76.5,28.47275758,0.381077441
7/28/2017,33.67,-76.5,28.43282492,0.385959596
7/29/2017,33.67,-76.5,28.47694613,0.389023569
7/30/2017,33.67,-76.5,28.27012121,0.391515152
7/31/2017,33.67,-76.5,27.52854882,0.388484848
8/1/2017,33.67,-76.5,27.34516835,0.383063973
8/2/2017,33.67,-76.5,27.45421212,0.383602694
8/3/2017,33.67,-76.5,27.60601684,0.39
8/4/2017,33.67,-76.5,27.95858586,0.396599327
8/5/2017,33.67,-76.5,27.63146801,0.39
8/6/2017,33.67,-76.5,27.59986869,0.38
8/7/2017,33.67,-76.5,27.63620202,0.3803367
8/8/2017,33.67,-76.5,27.69246801,0.385824916
8/9/2017,33.67,-76.5,27.9259899,0.391750842
8/10/2017,33.67,-76.5,28.24543098,0.392188552
8/11/2017,33.67,-76.5,28.2356633,0.388148148
8/12/2017,33.67,-76.5,28.2787138,0.386969697
8/13/2017,33.67,-76.5,28.96813131,0.385218855
8/14/2017,33.67,-76.5,29.2122963,0.38
8/15/2017,33.67,-76.5,29.46219192,0.385622896
8/16/2017,33.67,-76.5,29.7697037,0.378282828
8/17/2017,33.67,-76.5,29.91377778,0.377272727
8/18/2017,33.67,-76.5,29.8713266,0.38
8/19/2017,33.67,-76.5,29.71712121,0.38
8/20/2017,33.67,-76.5,29.78262963,0.375993266
8/21/2017,33.67,-76.5,29.89828283,0.38003367
8/22/2017,33.67,-76.5,30.25952525,0.382828283
8/23/2017,33.67,-76.5,30.28971717,0.382525253
8/24/2017,33.67,-76.5,30.35647475,0.385353535
8/25/2017,33.67,-76.5,30.12257912,0.393367003
8/26/2017,33.67,-76.5,29.48933333,0.395858586
8/27/2017,33.67,-76.5,29.40452189,0.397239057
8/28/2017,33.67,-76.5,29.13392256,0.4
8/29/2017,33.67,-76.5,29.18607744,0.395420875
8/30/2017,33.67,-76.5,29.0963266,0.385454545
8/31/2017,33.67,-76.5,28.94928283,0.385319865
9/1/2017,33.67,-76.5,28.83142088,0.385185185
9/2/2017,33.67,-76.5,28.89828956,0.385521886
9/3/2017,33.67,-76.5,28.7236431,0.383501684
9/4/2017,33.67,-76.5,28.37824579,0.383265993
9/5/2017,33.67,-76.5,28.4430101,0.376868687
9/6/2017,33.67,-76.5,28.69792593,0.383973064
9/7/2017,33.67,-76.5,28.93282155,0.388484848
9/8/2017,33.67,-76.5,28.85817172,0.387441077
9/9/2017,33.67,-76.5,27.99905724,0.391414141
9/10/2017,33.67,-76.5,27.64858586,0.395959596
9/11/2017,33.67,-76.5,27.94161953,0.394781145
9/12/2017,33.67,-76.5,28.07458586,0.384141414
9/13/2017,33.67,-76.5,28.24286532,0.383804714
9/14/2017,33.67,-76.5,28.65298653,0.381717172
9/15/2017,33.67,-76.5,28.768367,0.374141414
9/16/2017,33.67,-76.5,28.7483569,0.371515152
9/17/2017,33.67,-76.5,28.67894613,0.38047138
9/18/2017,33.67,-76.5,27.84537037,0.386531987
9/19/2017,33.67,-76.5,27.54607744,0.373232323
9/20/2017,33.67,-76.5,28.09618855,0.369090909
9/21/2017,33.67,-76.5,28.51172391,0.370942761
9/22/2017,33.67,-76.5,28.76429293,0.375353535
9/23/2017,33.67,-76.5,28.78515488,0.378585859
9/24/2017,33.67,-76.5,28.6930303,0.382626263
9/25/2017,33.67,-76.5,28.65497306,0.398653199
9/26/2017,33.67,-76.5,27.802367,0.39
9/27/2017,33.67,-76.5,27.83604377,0.370942761
9/28/2017,33.67,-76.5,28.07769697,0.36
9/29/2017,33.67,-76.5,28.30292593,0.36
9/30/2017,33.67,-76.5,28.30017172,0.37
10/1/2017,33.67,-76.5,28.30975421,0.388720539
10/2/2017,33.67,-76.5,28.01037037,0.387407407
10/3/2017,33.67,-76.5,27.66319192,0.38
10/4/2017,33.67,-76.5,27.42980471,0.38
10/5/2017,33.67,-76.5,27.39285185,0.374915825
10/6/2017,33.67,-76.5,27.34258923,0.37006734
10/7/2017,33.67,-76.5,27.39881145,0.373265993
10/8/2017,33.67,-76.5,27.45279125,0.374208754
10/9/2017,33.67,-76.5,27.4840202,0.377575758
10/10/2017,33.67,-76.5,27.54552862,0.38
10/11/2017,33.67,-76.5,27.66200337,0.38
10/12/2017,33.67,-76.5,27.52115152,0.38
10/13/2017,33.67,-76.5,27.31346128,0.389225589
10/14/2017,33.67,-76.5,27.63702694,0.38
10/15/2017,33.67,-76.5,27.64319865,0.370572391
10/16/2017,33.67,-76.5,27.6699596,0.38
10/17/2017,33.67,-76.5,27.7537037,0.385824916
10/18/2017,33.67,-76.5,27.73485185,0.38
10/19/2017,33.67,-76.5,27.6653569,0.384343434
10/20/2017,33.67,-76.5,27.55616498,0.369023569
10/21/2017,33.67,-76.5,27.58605387,0.374747475
10/22/2017,33.67,-76.5,27.45168013,0.38
10/23/2017,33.67,-76.5,27.40917508,0.387272727
10/24/2017,33.67,-76.5,27.44913805,0.382592593
10/25/2017,33.67,-76.5,27.35992256,0.38
10/26/2017,33.67,-76.5,27.51977441,0.37
10/27/2017,33.67,-76.5,27.5652963,0.37
10/28/2017,33.67,-76.5,27.42032997,0.372491582
10/29/2017,33.67,-76.5,26.68725589,0.384309764
10/30/2017,33.67,-76.5,26.55834007,0.37
10/31/2017,33.67,-76.5,26.49592593,0.364511785
11/1/2017,33.67,-76.5,26.72562963,0.37
11/2/2017,33.67,-76.5,27.10433333,0.377845118
11/3/2017,33.67,-76.5,27.50598653,0.377811448
11/4/2017,33.67,-76.5,27.39190909,0.372828283
11/5/2017,33.67,-76.5,27.10768687,0.378249158
11/6/2017,33.67,-76.5,27.11319865,0.373232323
11/7/2017,33.67,-76.5,27.15440741,0.37
11/8/2017,33.67,-76.5,27.1016835,0.372390572
11/9/2017,33.67,-76.5,26.69617172,0.381043771
11/10/2017,33.67,-76.5,26.13359933,0.389494949
11/11/2017,33.67,-76.5,25.73286869,0.39
11/12/2017,33.67,-76.5,25.51779461,0.382188552
11/13/2017,33.67,-76.5,25.55922896,0.38989899
11/14/2017,33.67,-76.5,25.55577778,0.39
11/15/2017,33.67,-76.5,25.22150505,0.382390572
11/16/2017,33.67,-76.5,25.18130976,0.371481481
11/17/2017,33.67,-76.5,25.17947138,0.369494949
11/18/2017,33.67,-76.5,25.16562963,0.371481481
11/19/2017,33.67,-76.5,25.16858923,0.383164983
11/20/2017,33.67,-76.5,25.43089562,0.368787879
11/21/2017,33.67,-76.5,25.46579798,0.366161616
11/22/2017,33.67,-76.5,25.49697306,0.374848485
11/23/2017,33.67,-76.5,25.4556835,0.39016835
11/24/2017,33.67,-76.5,25.10938047,0.40003367
11/25/2017,33.67,-76.5,25.56314141,0.394478114
11/26/2017,33.67,-76.5,25.54623906,0.379292929
11/27/2017,33.67,-76.5,25.63416498,0.364444444
11/28/2017,33.67,-76.5,25.86001347,0.36
11/29/2017,33.67,-76.5,26.17601347,0.36996633
11/30/2017,33.67,-76.5,26.05445455,0.37
12/1/2017,33.67,-76.5,26.07468013,0.371414141
12/2/2017,33.67,-76.5,26.11330976,0.378888889
12/3/2017,33.67,-76.5,26.22557239,0.383602694
12/4/2017,33.67,-76.5,26.30452189,0.388619529
12/5/2017,33.67,-76.5,26.24343434,0.385521886
12/6/2017,33.67,-76.5,26.27044108,0.389494949
12/7/2017,33.67,-76.5,26.21072391,0.4
12/8/2017,33.67,-76.5,24.06283165,0.41
12/9/2017,33.67,-76.5,24.53707071,0.402626263
12/10/2017,33.67,-76.5,24.66586195,0.391717172
12/11/2017,33.67,-76.5,24.68083502,0.380976431
12/12/2017,33.67,-76.5,24.59175084,0.38040404
12/13/2017,33.67,-76.5,24.62711785,0.381515152
12/14/2017,33.67,-76.5,24.53630303,0.38993266
12/15/2017,33.67,-76.5,24.55282492,0.38
12/16/2017,33.67,-76.5,24.72070707,0.37
12/17/2017,33.67,-76.5,24.75573401,0.37
12/18/2017,33.67,-76.5,24.8103165,0.370505051
12/19/2017,33.67,-76.5,24.53393939,0.376835017
12/20/2017,33.67,-76.5,24.38505724,0.387777778
12/21/2017,33.67,-76.5,24.50908754,0.4
12/22/2017,33.67,-76.5,24.06909428,0.388922559
12/23/2017,33.67,-76.5,24.04694949,0.387373737
12/24/2017,33.67,-76.5,24.08811448,0.386531987
12/25/2017,33.67,-76.5,24.10192593,0.385656566
12/26/2017,33.67,-76.5,24.10914141,0.385016835
12/27/2017,33.67,-76.5,24.04946465,0.392121212
12/28/2017,33.67,-76.5,24.27334343,0.386868687
12/29/2017,33.67,-76.5,24.42626599,0.375185185
12/30/2017,33.67,-76.5,24.50846801,0.37
12/31/2017,33.67,-76.5,24.50133333,0.375690236
1/1/2018,33.67,-76.5,24.11919865,0.39023569
1/2/2018,33.67,-76.5,22.40105051,0.4
1/3/2018,33.67,-76.5,21.69568013,0.4
1/4/2018,33.67,-76.5,21.82340404,0.395050505
1/5/2018,33.67,-76.5,22.05385185,0.387407407
1/6/2018,33.67,-76.5,22.55362963,0.385791246
1/7/2018,33.67,-76.5,22.6493367,0.383333333
1/8/2018,33.67,-76.5,22.419633,0.385656566
1/9/2018,33.67,-76.5,22.39651178,0.388080808
1/10/2018,33.67,-76.5,22.4602862,0.392693603
1/11/2018,33.67,-76.5,22.93531313,0.391111111
1/12/2018,33.67,-76.5,23.00244108,0.387340067
1/13/2018,33.67,-76.5,22.92307744,0.384377104
1/14/2018,33.67,-76.5,22.81118519,0.389360269
1/15/2018,33.67,-76.5,22.47357239,0.396127946
1/16/2018,33.67,-76.5,22.43715152,0.393838384
1/17/2018,33.67,-76.5,22.69724916,0.386161616
1/18/2018,33.67,-76.5,22.67775084,0.371616162
1/19/2018,33.67,-76.5,22.56375084,0.363063973
1/20/2018,33.67,-76.5,22.68648148,0.364545455
1/21/2018,33.67,-76.5,23.44714815,0.367070707
1/22/2018,33.67,-76.5,23.50786195,0.363838384
1/23/2018,33.67,-76.5,23.49941414,0.37
1/24/2018,33.67,-76.5,23.32946128,0.38
1/25/2018,33.67,-76.5,23.0486734,0.374343434
1/26/2018,33.67,-76.5,22.9603165,0.373063973
1/27/2018,33.67,-76.5,23.0232862,0.38030303
1/28/2018,33.67,-76.5,22.87694949,0.391313131
1/29/2018,33.67,-76.5,22.80551852,0.394983165
1/30/2018,33.67,-76.5,22.72845118,0.389461279
1/31/2018,33.67,-76.5,22.58038721,0.388585859
2/1/2018,33.67,-76.5,22.78715825,0.39003367
2/2/2018,33.67,-76.5,23.06922222,0.381851852
2/3/2018,33.67,-76.5,23.08619529,0.375858586
2/4/2018,33.67,-76.5,23.08774411,0.376397306
2/5/2018,33.67,-76.5,22.68636027,0.38
2/6/2018,33.67,-76.5,22.65822896,0.37
2/7/2018,33.67,-76.5,22.5599697,0.37
2/8/2018,33.67,-76.5,22.40639731,0.37
2/9/2018,33.67,-76.5,22.35920875,0.380774411
2/10/2018,33.67,-76.5,21.84139731,0.384074074
2/11/2018,33.67,-76.5,21.83667677,0.396835017
2/12/2018,33.67,-76.5,23.10653535,0.4
2/13/2018,33.67,-76.5,23.10368687,0.39
2/14/2018,33.67,-76.5,23.03266667,0.383670034
2/15/2018,33.67,-76.5,22.91958249,0.373535354
2/16/2018,33.67,-76.5,22.89804377,0.374713805
2/17/2018,33.67,-76.5,23.1952862,0.377070707
2/18/2018,33.67,-76.5,23.36113131,0.37959596
2/19/2018,33.67,-76.5,23.34773064,0.372861953
2/20/2018,33.67,-76.5,23.43323906,0.37
2/21/2018,33.67,-76.5,24.03793266,0.37
2/22/2018,33.67,-76.5,24.62356902,0.363097643
2/23/2018,33.67,-76.5,24.93703704,0.366329966
2/24/2018,33.67,-76.5,24.81935354,0.37
2/25/2018,33.67,-76.5,24.6300202,0.374107744
2/26/2018,33.67,-76.5,24.25200337,0.371515152
2/27/2018,33.67,-76.5,23.80901684,0.375757576
2/28/2018,33.67,-76.5,23.16005387,0.379494949
3/1/2018,33.67,-76.5,23.56644781,0.377643098
3/2/2018,33.67,-76.5,23.79929966,0.370841751
3/3/2018,33.67,-76.5,23.92079461,0.37003367
3/4/2018,33.67,-76.5,23.95215488,0.371649832
3/5/2018,33.67,-76.5,23.82923569,0.37
3/6/2018,33.67,-76.5,23.62945791,0.371548822
3/7/2018,33.67,-76.5,23.61463636,0.373232323
3/8/2018,33.67,-76.5,23.44212458,0.380707071
3/9/2018,33.67,-76.5,23.43315488,0.38
3/10/2018,33.67,-76.5,23.64361616,0.382121212
3/11/2018,33.67,-76.5,23.79216162,0.385622896
3/12/2018,33.67,-76.5,23.08168013,0.391649832
3/13/2018,33.67,-76.5,21.61754209,0.39040404
3/14/2018,33.67,-76.5,21.21183165,0.38
3/15/2018,33.67,-76.5,21.16252862,0.376498316
3/16/2018,33.67,-76.5,21.33229293,0.371481481
3/17/2018,33.67,-76.5,21.95485859,0.375454545
3/18/2018,33.67,-76.5,22.0476431,0.38
3/19/2018,33.67,-76.5,22.54590909,0.39
3/20/2018,33.67,-76.5,23.32630976,0.392828283
3/21/2018,33.67,-76.5,22.85099327,0.389225589
3/22/2018,33.67,-76.5,22.49039731,0.38
3/23/2018,33.67,-76.5,22.62184512,0.37
3/24/2018,33.67,-76.5,22.81719192,0.368080808
3/25/2018,33.67,-76.5,22.94640404,0.374006734
3/26/2018,33.67,-76.5,23.24861279,0.39
3/27/2018,33.67,-76.5,23.74024916,0.386902357
3/28/2018,33.67,-76.5,23.84781145,0.377912458
3/29/2018,33.67,-76.5,23.74632323,0.377306397
3/30/2018,33.67,-76.5,23.83455219,0.379461279
3/31/2018,33.67,-76.5,23.67725253,0.381818182
4/1/2018,33.67,-76.5,23.73826263,0.372558923
4/2/2018,33.67,-76.5,23.74452525,0.37
4/3/2018,33.67,-76.5,23.72707744,0.371616162
4/4/2018,33.67,-76.5,23.25088889,0.370909091
4/5/2018,33.67,-76.5,22.72044781,0.371986532
4/6/2018,33.67,-76.5,22.18147138,0.372154882
4/7/2018,33.67,-76.5,21.77292256,0.377575758
4/8/2018,33.67,-76.5,21.581367,0.378787879
4/9/2018,33.67,-76.5,21.50206061,0.387037037
4/10/2018,33.67,-76.5,21.862,0.387508418
4/11/2018,33.67,-76.5,23.09488889,0.377407407
4/12/2018,33.67,-76.5,22.82691919,0.371515152
4/13/2018,33.67,-76.5,23.24507407,0.373164983
4/14/2018,33.67,-76.5,23.70289226,0.37
4/15/2018,33.67,-76.5,23.79790236,0.37
4/16/2018,33.67,-76.5,23.68703704,0.38
4/17/2018,33.67,-76.5,24.02914815,0.374343434
4/18/2018,33.67,-76.5,24.13707071,0.369090909
4/19/2018,33.67,-76.5,23.97642424,0.371683502
4/20/2018,33.67,-76.5,23.4933771,0.375252525
4/21/2018,33.67,-76.5,24.16218855,0.38047138
4/22/2018,33.67,-76.5,24.56441751,0.383535354
4/23/2018,33.67,-76.5,24.63646128,0.38962963
4/24/2018,33.67,-76.5,24.56664646,0.378787879
4/25/2018,33.67,-76.5,24.49288889,0.37006734
4/26/2018,33.67,-76.5,24.46371044,0.369158249
4/27/2018,33.67,-76.5,24.84442761,0.374612795
4/28/2018,33.67,-76.5,25.48228283,0.376464646
4/29/2018,33.67,-76.5,25.74044108,0.374208754
4/30/2018,33.67,-76.5,25.68149158,0.371952862
5/1/2018,33.67,-76.5,25.59385522,0.37
5/2/2018,33.67,-76.5,25.64992929,0.367946128
5/3/2018,33.67,-76.5,25.62552525,0.368383838
5/4/2018,33.67,-76.5,25.67371717,0.37
5/5/2018,33.67,-76.5,25.28592593,0.378754209
5/6/2018,33.67,-76.5,24.65191582,0.38
5/7/2018,33.67,-76.5,24.53448485,0.38
5/8/2018,33.67,-76.5,24.44544108,0.384242424
5/9/2018,33.67,-76.5,24.71615825,0.38
5/10/2018,33.67,-76.5,25.87495623,0.37
5/11/2018,33.67,-76.5,26.16680471,0.36
5/12/2018,33.67,-76.5,26.33428283,0.36
5/13/2018,33.67,-76.5,26.29646801,0.367171717
5/14/2018,33.67,-76.5,26.02969697,0.37
5/15/2018,33.67,-76.5,26.59404377,0.37
5/16/2018,33.67,-76.5,26.47149158,0.37952862
5/17/2018,33.67,-76.5,25.95094276,0.384949495
5/18/2018,33.67,-76.5,25.41589899,0.385252525
5/19/2018,33.67,-76.5,25.33676431,0.387239057
5/20/2018,33.67,-76.5,25.36791919,0.387441077
5/21/2018,33.67,-76.5,25.63348485,0.37956229
5/22/2018,33.67,-76.5,25.79198653,0.374444444
5/23/2018,33.67,-76.5,25.80846801,0.377744108
5/24/2018,33.67,-76.5,26.10681818,0.378181818
5/25/2018,33.67,-76.5,26.50851178,0.37
5/26/2018,33.67,-76.5,26.67449158,0.368383838
5/27/2018,33.67,-76.5,26.62996633,0.371245791
5/28/2018,33.67,-76.5,26.992367,0.37996633
5/29/2018,33.67,-76.5,27.3559596,0.38996633
5/30/2018,33.67,-76.5,26.43875758,0.392121212
5/31/2018,33.67,-76.5,26.77128283,0.387441077
6/1/2018,33.67,-76.5,26.97824916,0.378316498
6/2/2018,33.67,-76.5,26.90276768,0.372255892
6/3/2018,33.67,-76.5,26.65194276,0.373737374
6/4/2018,33.67,-76.5,26.81177778,0.372323232
6/5/2018,33.67,-76.5,27.18347475,0.368350168
6/6/2018,33.67,-76.5,27.4670101,0.37
6/7/2018,33.67,-76.5,27.36407071,0.363232323
6/8/2018,33.67,-76.5,27.23085185,0.36
6/9/2018,33.67,-76.5,27.16826936,0.369292929
6/10/2018,33.67,-76.5,27.48891919,0.38
6/11/2018,33.67,-76.5,27.73091919,0.385084175
6/12/2018,33.67,-76.5,27.41784512,0.377946128
6/13/2018,33.67,-76.5,27.43766667,0.372525253
6/14/2018,33.67,-76.5,27.74839731,0.372828283
6/15/2018,33.67,-76.5,28.14382155,0.373299663
6/16/2018,33.67,-76.5,28.44262963,0.37
6/17/2018,33.67,-76.5,28.24605387,0.372457912
6/18/2018,33.67,-76.5,28.02123232,0.377441077
6/19/2018,33.67,-76.5,27.89122896,0.381144781
6/20/2018,33.67,-76.5,27.90417508,0.373804714
6/21/2018,33.67,-76.5,28.32377441,0.371818182
6/22/2018,33.67,-76.5,28.50054209,0.371212121
6/23/2018,33.67,-76.5,28.40147138,0.368249158
6/24/2018,33.67,-76.5,28.33208418,0.366700337
6/25/2018,33.67,-76.5,28.35038384,0.371346801
6/26/2018,33.67,-76.5,28.66008754,0.378181818
6/27/2018,33.67,-76.5,29.25817508,0.368451178
6/28/2018,33.67,-76.5,29.22889562,0.37003367
6/29/2018,33.67,-76.5,29.16024579,0.377811448
6/30/2018,33.67,-76.5,29.04714141,0.384276094
7/1/2018,33.67,-76.5,28.98820202,0.37969697
7/2/2018,33.67,-76.5,29.47365993,0.368114478
7/3/2018,33.67,-76.5,29.57641414,0.366127946
7/4/2018,33.67,-76.5,29.25864646,0.371111111
7/5/2018,33.67,-76.5,28.9627037,0.38
7/6/2018,33.67,-76.5,29.00033333,0.381750842
7/7/2018,33.67,-76.5,29.12156902,0.384915825
7/8/2018,33.67,-76.5,29.17779798,0.39037037
7/9/2018,33.67,-76.5,28.6370101,0.392760943
7/10/2018,33.67,-76.5,28.60584175,0.384848485
7/11/2018,33.67,-76.5,28.569633,0.38030303
7/12/2018,33.67,-76.5,28.43191246,0.381447811
7/13/2018,33.67,-76.5,28.65675084,0.380841751
7/14/2018,33.67,-76.5,28.95836027,0.375454545
7/15/2018,33.67,-76.5,29.34265993,0.373501684
7/16/2018,33.67,-76.5,29.44952525,0.377407407
7/17/2018,33.67,-76.5,29.31288552,0.387710438
7/18/2018,33.67,-76.5,28.9709899,0.4
7/19/2018,33.67,-76.5,28.46508754,0.4
7/20/2018,33.67,-76.5,28.90923232,0.393636364
7/21/2018,33.67,-76.5,28.96474747,0.383468013
7/22/2018,33.67,-76.5,28.99276094,0.374949495
7/23/2018,33.67,-76.5,28.89298316,0.380639731
7/24/2018,33.67,-76.5,28.63990909,0.392760943
7/25/2018,33.67,-76.5,28.30389899,0.385622896
7/26/2018,33.67,-76.5,28.29695286,0.38
7/27/2018,33.67,-76.5,28.49153535,0.38047138
7/28/2018,33.67,-76.5,28.2346734,0.382289562
7/29/2018,33.67,-76.5,28.08213468,0.37986532
7/30/2018,33.67,-76.5,28.2293064,0.379427609
7/31/2018,33.67,-76.5,28.28583502,0.377508418
8/1/2018,33.67,-76.5,28.26048822,0.37040404
8/2/2018,33.67,-76.5,28.35490572,0.375925926
8/3/2018,33.67,-76.5,28.8569899,0.382693603
8/4/2018,33.67,-76.5,28.89377441,0.382962963
8/5/2018,33.67,-76.5,28.9727138,0.37983165
8/6/2018,33.67,-76.5,29.09188889,0.374242424
8/7/2018,33.67,-76.5,29.15643098,0.370841751
8/8/2018,33.67,-76.5,29.14782828,0.37
8/9/2018,33.67,-76.5,29.10714141,0.37
8/10/2018,33.67,-76.5,29.0662963,0.37
8/11/2018,33.67,-76.5,29.3693771,0.37
8/12/2018,33.67,-76.5,29.52269697,0.378619529
8/13/2018,33.67,-76.5,28.95518519,0.39
8/14/2018,33.67,-76.5,28.57538384,0.379225589
8/15/2018,33.67,-76.5,28.69120539,0.37
8/16/2018,33.67,-76.5,29.02643434,0.37
8/17/2018,33.67,-76.5,29.26085185,0.37
8/18/2018,33.67,-76.5,29.28692593,0.374208754
8/19/2018,33.67,-76.5,29.33280135,0.379057239
8/20/2018,33.67,-76.5,29.21501347,0.378888889
8/21/2018,33.67,-76.5,29.18248822,0.38
8/22/2018,33.67,-76.5,28.76144444,0.38026936
8/23/2018,33.67,-76.5,28.65667677,0.379057239
8/24/2018,33.67,-76.5,28.59607744,0.37
8/25/2018,33.67,-76.5,28.94522559,0.37
8/26/2018,33.67,-76.5,29.31077104,0.37
8/27/2018,33.67,-76.5,29.2040202,0.37
8/28/2018,33.67,-76.5,29.33068013,0.37026936
8/29/2018,33.67,-76.5,29.41993939,0.37003367
8/30/2018,33.67,-76.5,29.22156229,0.37
8/31/2018,33.67,-76.5,29.40696296,0.376363636
9/1/2018,33.67,-76.5,29.46744108,0.373703704
9/2/2018,33.67,-76.5,29.45612121,0.369124579
9/3/2018,33.67,-76.5,29.28752862,0.363131313
9/4/2018,33.67,-76.5,28.8903165,0.36976431
9/5/2018,33.67,-76.5,28.7893468,0.374511785
9/6/2018,33.67,-76.5,28.90480808,0.375050505
9/7/2018,33.67,-76.5,28.79125253,0.376262626
9/8/2018,33.67,-76.5,28.69645791,0.374915825
9/9/2018,33.67,-76.5,28.65374074,0.373097643
9/10/2018,33.67,-76.5,28.93009091,0.373198653
9/11/2018,33.67,-76.5,29.10931313,0.370572391
9/12/2018,33.67,-76.5,29.18610101,0.37
9/13/2018,33.67,-76.5,29.1939596,0.371952862
9/14/2018,33.67,-76.5,29.27043771,0.391043771
9/15/2018,33.67,-76.5,27.94356902,0.394410774
9/16/2018,33.67,-76.5,27.77974747,0.383535354
9/17/2018,33.67,-76.5,27.75393939,0.382424242
9/18/2018,33.67,-76.5,27.74100673,0.371010101
9/19/2018,33.67,-76.5,27.97050168,0.37
9/20/2018,33.67,-76.5,28.09198653,0.365791246
9/21/2018,33.67,-76.5,28.30897306,0.36959596
9/22/2018,33.67,-76.5,28.54098316,0.37
9/23/2018,33.67,-76.5,28.9913367,0.367912458
9/24/2018,33.67,-76.5,28.63993939,0.37
9/25/2018,33.67,-76.5,28.50555219,0.37
9/26/2018,33.67,-76.5,28.6216835,0.37
9/27/2018,33.67,-76.5,29.14991582,0.366700337
9/28/2018,33.67,-76.5,29.43540404,0.373198653
9/29/2018,33.67,-76.5,29.24770034,0.379292929
9/30/2018,33.67,-76.5,29.11150842,0.38
10/1/2018,33.67,-76.5,29.09590909,0.37
10/2/2018,33.67,-76.5,28.84494949,0.362424242
10/3/2018,33.67,-76.5,28.56460606,0.37
10/4/2018,33.67,-76.5,28.23445455,0.37
10/5/2018,33.67,-76.5,28.28696633,0.363400673
10/6/2018,33.67,-76.5,28.42140404,0.36
10/7/2018,33.67,-76.5,28.21127273,0.36952862
10/8/2018,33.67,-76.5,28.42687542,0.37
10/9/2018,33.67,-76.5,28.77300673,0.374006734
10/10/2018,33.67,-76.5,28.72525253,0.38
10/11/2018,33.67,-76.5,27.5949697,0.37973064
10/12/2018,33.67,-76.5,27.49956566,0.37
10/13/2018,33.67,-76.5,27.98110438,0.364410774
10/14/2018,33.67,-76.5,28.01515488,0.366632997
10/15/2018,33.67,-76.5,27.88325589,0.37
10/16/2018,33.67,-76.5,27.58288215,0.368855219
10/17/2018,33.67,-76.5,27.88012795,0.36983165
10/18/2018,33.67,-76.5,28.44347138,0.37
10/19/2018,33.67,-76.5,28.45704714,0.37
10/20/2018,33.67,-76.5,28.17038047,0.375622896
10/21/2018,33.67,-76.5,27.77499327,0.378585859
10/22/2018,33.67,-76.5,27.53137374,0.373030303
10/23/2018,33.67,-76.5,27.50643434,0.372323232
10/24/2018,33.67,-76.5,27.44429966,0.372929293
10/25/2018,33.67,-76.5,27.10815152,0.383569024
10/26/2018,33.67,-76.5,26.84578451,0.388686869
10/27/2018,33.67,-76.5,26.37554209,0.386767677
10/28/2018,33.67,-76.5,26.26223906,0.376734007
10/29/2018,33.67,-76.5,26.11444108,0.37
10/30/2018,33.67,-76.5,26.15890236,0.368282828
10/31/2018,33.67,-76.5,26.39549832,0.369124579
11/1/2018,33.67,-76.5,26.78725253,0.372289562
11/2/2018,33.67,-76.5,27.08889226,0.378047138
11/3/2018,33.67,-76.5,27.55864646,0.377407407
11/4/2018,33.67,-76.5,27.54265993,0.37
11/5/2018,33.67,-76.5,27.52607071,0.38
11/6/2018,33.67,-76.5,26.85518519,0.382525253
11/7/2018,33.67,-76.5,26.55907407,0.377508418
11/8/2018,33.67,-76.5,26.46744444,0.38
11/9/2018,33.67,-76.5,26.05997643,0.37983165
11/10/2018,33.67,-76.5,25.86515825,0.381986532
11/11/2018,33.67,-76.5,26.07772391,0.38010101
11/12/2018,33.67,-76.5,26.73047475,0.384276094
11/13/2018,33.67,-76.5,27.25040741,0.387171717
11/14/2018,33.67,-76.5,27.23704377,0.397306397
11/15/2018,33.67,-76.5,26.33694613,0.393063973
11/16/2018,33.67,-76.5,26.07080471,0.382121212
11/17/2018,33.67,-76.5,26.02952862,0.374040404
11/18/2018,33.67,-76.5,26.08978788,0.382154882
11/19/2018,33.67,-76.5,25.60014478,0.393030303
11/20/2018,33.67,-76.5,25.99777441,0.395319865
11/21/2018,33.67,-76.5,26.1599899,0.385858586
11/22/2018,33.67,-76.5,26.26765993,0.379360269
11/23/2018,33.67,-76.5,26.37253199,0.386363636
11/24/2018,33.67,-76.5,26.5926835,0.395589226
11/25/2018,33.67,-76.5,26.1429798,0.397070707
11/26/2018,33.67,-76.5,26.1199596,0.388282828
11/27/2018,33.67,-76.5,26.50389226,0.382727273
11/28/2018,33.67,-76.5,26.21371717,0.372020202
11/29/2018,33.67,-76.5,26.25958923,0.37
11/30/2018,33.67,-76.5,26.25706061,0.37
12/1/2018,33.67,-76.5,26.02304714,0.376161616
12/2/2018,33.67,-76.5,25.84296633,0.381885522
12/3/2018,33.67,-76.5,25.43248822,0.383737374
12/4/2018,33.67,-76.5,25.16643434,0.38020202
12/5/2018,33.67,-76.5,25.03681145,0.38
12/6/2018,33.67,-76.5,24.99940741,0.374949495
12/7/2018,33.67,-76.5,24.88817172,0.371986532
12/8/2018,33.67,-76.5,24.84679798,0.378282828
12/9/2018,33.67,-76.5,25.05424579,0.383838384
12/10/2018,33.67,-76.5,24.99705387,0.39
12/11/2018,33.67,-76.5,24.86387879,0.375521886
12/12/2018,33.67,-76.5,24.79540404,0.367878788
12/13/2018,33.67,-76.5,24.53234007,0.373164983
12/14/2018,33.67,-76.5,24.49145118,0.382154882
12/15/2018,33.67,-76.5,24.36861616,0.39
12/16/2018,33.67,-76.5,24.13116835,0.380875421
12/17/2018,33.67,-76.5,23.93457912,0.373232323
12/18/2018,33.67,-76.5,23.92544444,0.37
12/19/2018,33.67,-76.5,23.88118182,0.374175084
12/20/2018,33.67,-76.5,23.63507071,0.382222222
12/21/2018,33.67,-76.5,23.42983165,0.39
12/22/2018,33.67,-76.5,23.95121549,0.38
12/23/2018,33.67,-76.5,23.99934007,0.37
12/24/2018,33.67,-76.5,24.08759933,0.37
12/25/2018,33.67,-76.5,24.01489226,0.37
12/26/2018,33.67,-76.5,24.05783165,0.371649832
12/27/2018,33.67,-76.5,24.04274747,0.377003367
12/28/2018,33.67,-76.5,23.85968687,0.39
12/29/2018,33.67,-76.5,23.63066667,0.381750842
12/30/2018,33.67,-76.5,23.79740404,0.383198653
12/31/2018,33.67,-76.5,23.56309428,0.384545455
1/1/2019,33.67,-76.5,23.4149596,0.388956229
1/2/2019,33.67,-76.5,23.60771717,0.38969697
1/3/2019,33.67,-76.5,23.53484175,0.39
1/4/2019,33.67,-76.5,23.90819529,0.381851852
1/5/2019,33.67,-76.5,24.17525589,0.37
1/6/2019,33.67,-76.5,24.07414141,0.365050505
1/7/2019,33.67,-76.5,24.02868013,0.366969697
1/8/2019,33.67,-76.5,24.09250505,0.372895623
1/9/2019,33.67,-76.5,23.92395286,0.383164983
1/10/2019,33.67,-76.5,23.71346128,0.381010101
1/11/2019,33.67,-76.5,23.43405387,0.38
1/12/2019,33.67,-76.5,23.25671717,0.383265993
1/13/2019,33.67,-76.5,23.14164646,0.399393939
1/14/2019,33.67,-76.5,22.97380471,0.4
1/15/2019,33.67,-76.5,23.08580135,0.385925926
1/16/2019,33.67,-76.5,23.10937037,0.381952862
1/17/2019,33.67,-76.5,23.22594276,0.376195286
1/18/2019,33.67,-76.5,23.26039057,0.380707071
1/19/2019,33.67,-76.5,23.20818855,0.381178451
1/20/2019,33.67,-76.5,22.64101347,0.391582492
1/21/2019,33.67,-76.5,22.26145455,0.383771044
1/22/2019,33.67,-76.5,22.35561953,0.3803367
1/23/2019,33.67,-76.5,22.70253535,0.384781145
1/24/2019,33.67,-76.5,22.52657239,0.383097643
1/25/2019,33.67,-76.5,22.4999899,0.380572391
1/26/2019,33.67,-76.5,22.59459596,0.379191919
1/27/2019,33.67,-76.5,22.76386532,0.381818182
1/28/2019,33.67,-76.5,22.72357912,0.375656566
1/29/2019,33.67,-76.5,22.68545791,0.378316498
1/30/2019,33.67,-76.5,22.53586869,0.375488215
1/31/2019,33.67,-76.5,22.32045118,0.37
2/1/2019,33.67,-76.5,22.35838721,0.361818182
2/2/2019,33.67,-76.5,22.48647811,0.37
2/3/2019,33.67,-76.5,22.97310774,0.386329966
2/4/2019,33.67,-76.5,23.87839057,0.379090909
2/5/2019,33.67,-76.5,23.82615152,0.373973064
2/6/2019,33.67,-76.5,23.64049158,0.371010101
2/7/2019,33.67,-76.5,23.44493603,0.371043771
2/8/2019,33.67,-76.5,23.44175084,0.375723906
2/9/2019,33.67,-76.5,23.31787879,0.386026936
2/10/2019,33.67,-76.5,23.07446801,0.385252525
2/11/2019,33.67,-76.5,23.02925589,0.375555556
2/12/2019,33.67,-76.5,23.11966667,0.381515152
2/13/2019,33.67,-76.5,23.33713131,0.377912458
2/14/2019,33.67,-76.5,23.42581818,0.373030303
2/15/2019,33.67,-76.5,23.4453569,0.380976431
2/16/2019,33.67,-76.5,23.903633,0.384141414
2/17/2019,33.67,-76.5,24.02888215,0.375959596
2/18/2019,33.67,-76.5,24.11164983,0.37
2/19/2019,33.67,-76.5,24.06951178,0.370808081
2/20/2019,33.67,-76.5,23.94374074,0.38047138
2/21/2019,33.67,-76.5,23.78260606,0.39
2/22/2019,33.67,-76.5,23.8919596,0.380639731
2/23/2019,33.67,-76.5,23.63895286,0.38
2/24/2019,33.67,-76.5,23.31000337,0.38
2/25/2019,33.67,-76.5,23.02494949,0.371346801
2/26/2019,33.67,-76.5,22.80472054,0.366936027
2/27/2019,33.67,-76.5,22.73193939,0.370841751
2/28/2019,33.67,-76.5,22.54488889,0.386767677
3/1/2019,33.67,-76.5,22.64429966,0.379158249
3/2/2019,33.67,-76.5,22.67042088,0.374545455
3/3/2019,33.67,-76.5,22.65555556,0.38023569
3/4/2019,33.67,-76.5,22.78188889,0.387171717
3/5/2019,33.67,-76.5,23.22391582,0.383771044
3/6/2019,33.67,-76.5,23.76551515,0.3796633
3/7/2019,33.67,-76.5,24.27252525,0.375185185
3/8/2019,33.67,-76.5,24.2507037,0.381178451
3/9/2019,33.67,-76.5,23.91286195,0.390538721
3/10/2019,33.67,-76.5,23.2899697,0.390538721
3/11/2019,33.67,-76.5,22.9879899,0.385488215
3/12/2019,33.67,-76.5,22.99741751,0.382390572
3/13/2019,33.67,-76.5,23.11013468,0.386464646
3/14/2019,33.67,-76.5,23.84247475,0.388484848
3/15/2019,33.67,-76.5,24.93549832,0.388148148
3/16/2019,33.67,-76.5,24.98683165,0.386767677
3/17/2019,33.67,-76.5,24.87936364,0.391111111
3/18/2019,33.67,-76.5,24.69501347,0.399090909
3/19/2019,33.67,-76.5,23.84539394,0.4
3/20/2019,33.67,-76.5,23.20954209,0.392020202
3/21/2019,33.67,-76.5,23.26349158,0.385925926
3/22/2019,33.67,-76.5,23.38486195,0.374511785
3/23/2019,33.67,-76.5,23.37745118,0.373367003
3/24/2019,33.67,-76.5,23.32123906,0.374478114
3/25/2019,33.67,-76.5,23.38080808,0.384107744
3/26/2019,33.67,-76.5,23.05821549,0.378653199
3/27/2019,33.67,-76.5,22.79605051,0.382760943
3/28/2019,33.67,-76.5,22.30897306,0.382996633
3/29/2019,33.67,-76.5,22.59847811,0.378013468
3/30/2019,33.67,-76.5,22.84648822,0.379292929
3/31/2019,33.67,-76.5,23.22086869,0.386262626
4/1/2019,33.67,-76.5,23.12641751,0.393333333
4/2/2019,33.67,-76.5,23.12903367,0.39
4/3/2019,33.67,-76.5,22.99656902,0.38
4/4/2019,33.67,-76.5,22.89885859,0.374006734
4/5/2019,33.67,-76.5,22.84283502,0.376835017
4/6/2019,33.67,-76.5,22.85992256,0.382323232
4/7/2019,33.67,-76.5,23.02846128,0.377171717
4/8/2019,33.67,-76.5,23.0443064,0.378047138
4/9/2019,33.67,-76.5,22.98256566,0.383602694
4/10/2019,33.67,-76.5,23.12426936,0.389427609
4/11/2019,33.67,-76.5,23.23995286,0.38030303
4/12/2019,33.67,-76.5,23.19421549,0.380841751
4/13/2019,33.67,-76.5,23.38089226,0.39
4/14/2019,33.67,-76.5,23.41731313,0.39
4/15/2019,33.67,-76.5,24.20057912,0.39
4/16/2019,33.67,-76.5,25.00420539,0.375521886
4/17/2019,33.67,-76.5,25.26937037,0.370841751
4/18/2019,33.67,-76.5,25.32015152,0.375757576
4/19/2019,33.67,-76.5,24.91738721,0.39
4/20/2019,33.67,-76.5,24.36746128,0.390841751
4/21/2019,33.67,-76.5,24.66116162,0.38
4/22/2019,33.67,-76.5,24.88976431,0.376026936
4/23/2019,33.67,-76.5,24.79121212,0.37
4/24/2019,33.67,-76.5,24.72747475,0.37
4/25/2019,33.67,-76.5,24.78591919,0.376296296
4/26/2019,33.67,-76.5,24.33426936,0.38
4/27/2019,33.67,-76.5,24.20884512,0.37
4/28/2019,33.67,-76.5,24.09952189,0.367912458
4/29/2019,33.67,-76.5,23.88660269,0.37
4/30/2019,33.67,-76.5,24.17142761,0.37020202
5/1/2019,33.67,-76.5,24.71884175,0.379225589
5/2/2019,33.67,-76.5,24.72017508,0.372558923
5/3/2019,33.67,-76.5,24.58878451,0.375050505
5/4/2019,33.67,-76.5,24.66086195,0.371144781
5/5/2019,33.67,-76.5,24.76793266,0.388686869
5/6/2019,33.67,-76.5,25.10665657,0.384848485
5/7/2019,33.67,-76.5,25.2303468,0.374949495
5/8/2019,33.67,-76.5,25.19175084,0.37026936
5/9/2019,33.67,-76.5,25.49987879,0.370572391
5/10/2019,33.67,-76.5,25.33155556,0.37
5/11/2019,33.67,-76.5,25.31309428,0.37
5/12/2019,33.67,-76.5,25.22666667,0.378080808
5/13/2019,33.67,-76.5,25.68275758,0.378080808
5/14/2019,33.67,-76.5,25.76509091,0.372794613
5/15/2019,33.67,-76.5,25.80528283,0.37
5/16/2019,33.67,-76.5,26.25735017,0.372424242
5/17/2019,33.67,-76.5,26.29945791,0.373872054
5/18/2019,33.67,-76.5,26.5103771,0.37
5/19/2019,33.67,-76.5,26.93691582,0.37
5/20/2019,33.67,-76.5,26.82750168,0.37
5/21/2019,33.67,-76.5,26.87073737,0.38
5/22/2019,33.67,-76.5,26.51503704,0.38
5/23/2019,33.67,-76.5,26.23639057,0.371178451
5/24/2019,33.67,-76.5,26.23653199,0.375589226
5/25/2019,33.67,-76.5,26.23884512,0.37
5/26/2019,33.67,-76.5,26.30462963,0.37
5/27/2019,33.67,-76.5,26.63073401,0.371010101
5/28/2019,33.67,-76.5,27.14832997,0.374747475
5/29/2019,33.67,-76.5,27.23204714,0.373333333
5/30/2019,33.67,-76.5,27.20959259,0.371178451
5/31/2019,33.67,-76.5,27.40657239,0.376060606
6/1/2019,33.67,-76.5,27.30740741,0.37
6/2/2019,33.67,-76.5,27.22042088,0.37
6/3/2019,33.67,-76.5,27.207633,0.37
6/4/2019,33.67,-76.5,27.0956633,0.372760943
6/5/2019,33.67,-76.5,27.17218519,0.37
6/6/2019,33.67,-76.5,27.15982492,0.386060606
6/7/2019,33.67,-76.5,27.1942862,0.388686869
6/8/2019,33.67,-76.5,27.35307744,0.376767677
6/9/2019,33.67,-76.5,27.10912121,0.369124579
6/10/2019,33.67,-76.5,27.18740404,0.37040404
6/11/2019,33.67,-76.5,27.24727273,0.38
6/12/2019,33.67,-76.5,27.49215825,0.387373737
6/13/2019,33.67,-76.5,27.6282862,0.386700337
6/14/2019,33.67,-76.5,27.71607071,0.376902357
6/15/2019,33.67,-76.5,27.60109764,0.376767677
6/16/2019,33.67,-76.5,27.68925589,0.362323232
6/17/2019,33.67,-76.5,28.14149495,0.367407407
6/18/2019,33.67,-76.5,28.15439731,0.373232323
